㐂	
㐆	
㐬	
㐮	
㑨	
㑪	
㒒	
㒵	
㒼	
㓁	
㓇	
㓛	
㔟	
㕝	
㕞	
㕣	
㕮	
㖦	
㖨	
㗅	
㗚	
㗴	
㘅	
㙊	
㚑	
㚖	
㚙	
㛏	
㝡	
㝢	
㝫	
㝬	
㝵	
㞍	
㟁	
㟢	
㟨	
㟴	
㟽	
㠀	
㠯	
㠶	
㡀	
㡜	
㡡	
㣺	
㤗	
㤚	
㥯	
㩮	
㩳	
㫖	
㫗	
㫪	
㬎	
㬚	
㬜	
㬢	
㭭	
㭷	
㮇	
㮈	
㮍	
㮤	
㮶	
㯃	
㯍	
㯰	
㰏	
㰦	
㳃	
㳒	
㴑	
㴞	
㵤	
㶚	ハ バ
㷀	
㷔	
㸅	
㸿	
㹠	
㹦	
㹨	
㺃	
㺔	
㽗	
㽲	
㽵	
㽷	
㾮	
㿉	
㿗	
䀹	
䁘	
䂓	
䄅	
䅈	
䅏	
䅣	
䆴	
䆿	
䇦	
䇮	
䇳	
䈇	
䈎	
䉤	
䋆	
䋖	
䋝	
䌂	
䌫	
䍃	
䏮	
䏰	
䐈	
䐗	
䐜	
䐢	
䑓	
䑛	
䑶	
䑺	
䒑	
䒳	
䒾	
䓔	
䔈	
䔍	
䔥	
䕃	
䖝	
䖸	
䗥	
䗪	
䘏	
䙁	
䙥	
䚡	
䚯	
䜌	
䝤	
䟽	
䠖	
䡄	
䡎	
䢵	
䦰	
䧧	
䧺	
䨄	
䨩	
䪼	
䬻	
䯂	
䯊	
䯒	
䯨	
䰗	
䰠	
䳄	
䳑	
䴇	
䵷	
一	イチ イツ
丁	チョウ テイ チン トウ チ
丂	コウ
七	シチ
丄	ジョウ ショウ
丅	カ ゲ
万	マン バン
丈	ジョウ
三	サン ゾウ
上	ジョウ ショウ シャン
下	カ ゲ
丌	キ ゴ
不	フ ブ
与	ヨ
丏	ベン メン
丐	カイ
丑	チュウ
丒	チュウ
且	ショ ソ ショウ
丕	ヒ
世	セイ セ ソウ
丗	セイ セ ソウ
丘	キュウ
丙	ヘイ
丞	ジョウ ショウ
丟	チュウ チュ
両	リョウ
丣	ユウ
两	リョウ
並	ヘイ ホウ
丨	コン シ ジョ ニョ
丩	キュウ
个	カ コ
丫	ア ヤ
丬	
中	チュウ
丮	ケキ キャク
丯	カイ
丰	ホウ フ フウ
丱	カン ケン
串	カン ケン セン
丵	サク
丶	チュ
丸	ガン
丹	タン
主	シュ ス シュウ
丼	トン タン ショウ セイ
丿	ヘツ
乀	フツ ブチ
乁	イ
乂	ガイ カイ ゲ
乃	ナイ ダイ ノ アイ
乄	
久	キュウ ク
乇	タク チャク
么	エウ
之	シ
乍	サ サク
乎	コ オ
乏	ボウ
乑	ギン ゴン シュウ
乕	コ
乖	カイ
乗	ジョウ ショウ
乘	ジョウ
乙	オツ イツ
乚	イン オン
乜	バ メ
九	キュウ ク
乞	コツ キツ キ キケ コチ
也	ヤ エ
乢	ガイ
乣	キュウ
乨	シ
乩	ケイ
乱	ラン ロン
乳	ニュウ
乴	セツ ゼチ
乵	エン
乹	カン ケン
乾	カン ケン
乿	チ ジ
亀	キ キュウ キン
亂	ラン ロン
亅	ケツ
了	リョウ
予	ヨ シャ
争	ソウ
亊	ジ シ ズ
事	ジ ズ
二	ニ ジ
亍	チョク
于	ウ ク
云	ウン
互	ゴ
五	ゴ
井	セイ ショウ
亖	シ
亗	サイ セイ
亘	コウ カン
亙	コウ カン
些	サ シャ
亜	ア
亝	セイ サイ
亞	ア
亟	キョク キ ケ
亠	トウ
亡	ボウ モウ
亢	コウ
交	コウ
亥	ガイ カイ
亦	エキ ヤク
亨	コウ キョウ ホウ
享	キョウ コウ
京	キョウ ケイ キン
亭	テイ チン
亮	リョウ
亯	キョウ コウ
亰	キョウ ケイ キン
亳	ハク
亶	タン セン
亹	ビ ミ ボン モン
人	ジン ニン
亻	
亼	シュウ ジュウ
什	ジュウ シュウ
仁	ジン ニ ニン
仂	ドウ リュク リキ ロク リョク
仃	テイ
仄	ソク
仆	フ
仇	キュウ グ
仈	ハツ ハチ
今	コン キン
介	カイ
仍	ジョウ ニョウ
从	ショウ ジュウ ジュ
仏	ブツ フツ
仐	サン
仔	シ
仕	シ ジ
他	タ
仗	ジョウ チョウ
付	フ
仙	セン セント
仚	ケン
仛	タ タク
仞	ジン
仟	セン
仠	カン
仡	キツ コチ
仢	ハク シャク チャク テキ
代	ダイ タイ
令	レイ
以	イ
仨	サ
仫	
仭	ジン
仮	カ ケ
仯	ソウ ショウ ビョウ ミョウ
仰	ギョウ コウ
仱	ケン キョウ キン ゴン
仲	チュウ
仳	ヒ
仵	コ
件	ケン
价	カイ
任	ニン
份	ヒン フン
仾	テイ
仿	ホウ
伀	ショウ シュ
企	キ
伂	ハイ
伃	ヨ
伈	シン
伉	コウ
伊	イ
伋	キュウ ロウ
伌	アイ ア
伍	ゴ
伎	ギ キ
伏	フク
伐	バツ ハツ カ ボチ
休	キュウ
伒	キン コン
伕	フ
伖	トウ ド
众	ギン ゴン
伙	カ
会	カイ エ
伜	サイ ソツ ソチ
伝	デン テン
伮	ド
伯	ハク
估	コ
伱	ジ ニ
伳	セツ セチ
伴	ハン バン
伵	キョク ケキ キ
伶	レイ リョウ
伷	チュウ
伸	シン
伹	ショ
伺	シ
伻	ホウ ヒョウ
似	ジ
伽	カ ガ キャ ギャ
伾	ヒ ハイ ヘ
佀	ジ
佂	セイ ショウ
佃	テン デン
但	タン
佇	チョ
佈	ホ フ
佉	キョ コ キャ カ
佋	ショウ
佌	シ
位	イ
低	テイ
住	ジュウ ヂュウ チュウ
佐	サ
佑	ユウ ウ
佒	ヨウ オウ
体	タイ テイ
佔	チン セン テン
何	カ
佖	ヒツ ビチ
佗	タ イ
佘	シャ
余	ヨ
佚	イツ テツ
佛	ブツ フツ
作	サク サ
佝	コウ ク
佞	ネイ
佟	トウ ズ
你	ジ ニ
佣	ヨウ
佤	
佩	ハイ
佪	カイ エ
佬	リョウ ロ ロウ
佮	コウ
佯	ヨウ
佰	ヒャク ハク
佱	ホウ
佳	カ
併	ヘイ
佶	キツ キチ
佷	コン コウ ギン
佸	カツ ガチ
佹	キ
佺	セン
佻	チョウ ジョウ ヨウ
佼	キョウ コウ
佽	シ
佾	イツ イチ
使	シ
侁	シン
侂	タク
侃	カン
侄	シツ シチ テツ
侅	カイ
來	ライ タイ
侈	シ
侉	カ ケ ア
侊	コウ
例	レイ
侌	イン
侍	ジ シ
侎	ビ ミ
侏	シュ
侐	キョク ケキ キ
侑	ユウ ウ
侒	アン
侓	ロツ ロチ
侔	ボウ ム
侖	リン ロン
侗	トウ ツ ズ
侘	タ
侙	チョク チキ
侚	シュン
供	キョウ ク クウ グ
依	イ エ
侞	ジョ ニョ
侟	セン
侠	キョウ
価	カ ケ
侫	ネイ
侭	ジン
侮	ブ
侯	コウ
侲	シン
侵	シン
侶	リョ ロ
侷	キョク ゴク
侹	テイ ジョウ チョウ
侻	タツ タチ タイ テ
侼	ホツ ボチ
侽	ダン ナン
侾	コウ キョウ
便	ベン ビン
俀	タイ テ
俁	グ
係	ケイ
促	ソク
俄	ガ
俅	キュウ グ
俆	ショ
俈	コク
俉	ゴ
俊	シュン
俋	チュ チュウ ジュウ ユウ
俌	ホ フ
俍	リョウ ロウ
俎	ソ ショ
俏	ショウ
俐	リ
俑	ヨウ トウ ユウ
俒	コン カン
俔	ケン
俗	ゾク
俘	フ
俚	リ
俛	フ ベン メン
俜	ヘイ ビョウ
保	ホ ホウ
俟	シ
俠	キョウ キャン
信	シン
俢	シュウ シュ
俣	
俤	
俥	
俦	
修	シュウ シュ
俯	フ
俰	カ ワ
俱	ク
俲	コウ
俳	ハイ
俵	ヒョウ
俶	シュク テキ
俸	ホウ
俺	エン
俼	イク シュク
俽	キン コン
俾	フ ヒ ヘイ
俿	チ ジ
倀	チョウ トウ ジョウ
倁	チ ジ
倂	ヘイ
倄	コウ ギョウ カイ エ
倅	サイ ソツ ソチ
倆	リョウ
倇	エン オン
倉	ソウ
倊	ソウ ス
個	コ カ
倌	カン
倍	バイ
倎	テン
倏	シュク
倐	シュク
們	モン
倒	トウ
倓	タン
倔	クツ
倖	コウ
倗	ホウ
倘	ショウ トウ
候	コウ
倚	イ キ
倛	キ
倜	テキ チャク チュウ
倝	カン
倞	ケイ キョウ リョウ オウ コウ
借	シャク
倡	ショウ
倢	ショウ
倣	ホウ
値	チ
倥	コウ
倦	ケン
倧	ソウ ス
倨	キョ コ
倩	セン セイ
倪	ゲイ ガイ
倫	リン
倬	タク
倭	ワ イ
倮	ラ カ ゲ
倰	リョウ ロウ
倲	トウ ツ
倳	シ
倵	ブ ム
倶	グ ク
倹	ケン
倻	ヤ
偀	エイ
偁	ショウ
偂	セン
偃	エン
偅	ショウ シュ トウ
偆	シュン チュン
假	カ ケ
偈	ゲ ケツ ケイ
偉	イ
偊	ウ ク
偌	ジャ ニャ
偎	ワイ エ
偏	ヘン
偐	ゲン ガン
偑	フウ フ
偒	トウ
偓	アク
偕	カイ
偖	シャ
偗	セイ ショウ
偙	テイ タイ
做	サ サク ソ
停	テイ
偟	コウ オウ
偠	ヨウ
偢	ショウ
偣	エン アン
健	ケン
偦	ショ
偧	タ
偪	フク ヒツ ヒョク ヒキ
偬	ソウ
偭	ベン メン
偰	セツ セチ
偱	シュン
偲	サイ シ
側	ソク
偵	テイ
偶	グウ
偸	ツ トウ チュウ
偽	ギ カ
傀	カイ
傁	ソウ ス
傃	ソ
傄	カツ ケチ
傅	フ
傆	ゲン カン
傈	リツ リチ
傊	イン
傍	ボウ
傎	テン
傏	トウ
傐	コウ
傑	ケツ
傒	ケイ
傓	セン
傔	ケン
傕	カク
傖	ショウ ソウ
傘	サン
備	ビ
傚	コウ
傛	ヨウ ユ
傜	ヨウ
傞	サ
傟	オウ
傠	ハツ カ ボチ
傡	ヘイ ホウ
傢	カ
傣	
傪	サン
催	サイ
傭	ヨウ チョウ
傯	ソウ
傰	ホウ
傱	ショウ シュ ソウ
傲	ゴウ
傳	テン デン
傴	ク ウ
債	サイ
傷	ショウ
傹	ケイ キョウ リョウ オウ ゴウ コウ
傺	テイ タイ
傻	サ
傽	ショウ
傾	ケイ
僀	テイ タイ
僂	ロウ ル
僃	ビ
僄	ヒョウ
僅	キン ゴン
僇	リク ロク ル
僉	セン
僊	セン
僌	ヨウ
働	ドウ リュク リキ ロク リョク
僎	セン シュン
像	ゾウ
僐	セン
僑	キョウ
僓	タイ カイ エ テ
僔	ソン
僕	ボク
僖	キ
僘	ショウ
僙	コウ
僚	リョウ
僜	トウ ト ショウ チョウ
僝	サン ゼン
僞	ギ カ
僟	キ ゲ
僡	
僢	セン シュン
僣	シン セン
僤	タン セン タツ タチ
僥	ギョウ キョウ
僦	シュウ シュ
僧	ソウ
僨	フン ホン
僩	カン ゲン
僭	シン セン
僮	トウ ドウ
僯	リン
僱	コ
僲	
僳	
僵	キョウ
僶	ビン ミン
價	カ ケ
僺	ショウ
僻	ヘキ ヒ ヘイ
僾	アイ
儀	ギ
儁	シュン
儂	ドウ ノウ
儃	セン タン
億	オク
儆	ケイ ショウ
儇	ケン
儈	カイ ケ
儉	ケン
儋	タン セン
儌	キョウ
儍	サ
儎	サイ
儐	ヒン
儒	ジュ
儔	チュウ ジュ
儕	セイ サイ
儖	ラン
儗	ギ カイ
儘	ジン
儙	ケン
儚	ボウ モウ
儛	ブ ム
儜	ドウ ニョウ ネイ
儝	ケイ
儞	ジ ニ
償	ショウ
儡	ライ
儣	コウ
儧	サン
儨	シツ シチ
優	ユウ ウ
儬	シン
儭	シン
儯	トウ
儱	ロウ ル リョウ リュ
儲	チョ
儳	サン
儴	ショウ ソウ
儵	シュウ
儷	レイ
儸	ラ
儹	サン
儺	ナ ダ
儻	トウ
儼	ゲン
儿	ジン ニン
兀	コツ
允	イン
兂	シン サン
元	ゲン ガン
兄	ケイ キョウ
充	ジュウ
兆	チョウ
兇	キョウ
先	セン
光	コウ
兊	ダ エイ エツ タイ
克	コク
兌	ダ エイ エツ タイ
免	メン
兎	ト ツ
兏	チョウ
児	ジ ニ ゲイ
兒	ジ ニ ゲイ
兓	シン サン
兔	ト ツ
兕	シ
兗	エン
兘	シ
党	トウ
兜	トウ ト
兟	シン
兠	
兢	キョウ
兤	コウ
入	ニュウ ジュ
兦	ボウ モウ
全	ゼン
兩	リョウ
兪	ツ トウ ユ
八	ハチ
公	コウ ク
六	ロク リク
兮	ケイ
共	キョウ
关	
兵	ヘイ ヒョウ
其	キ ギ ゴ
具	グ
典	テン デン
养	
兼	ケン
兾	キ
冀	キ
冂	キョウ ケイ
冃	ボウ モウ
冄	ゼン ネン
内	ナイ ダイ
円	エン
冉	ゼン ネン
冊	サツ サク
冋	キョウ ケイ
册	サツ サク
再	サイ サ
冎	カ ケ
冏	ケイ キョウ ソウ
冐	ボウ
冑	チュウ
冒	ボウ
冓	コウ
冕	ベン メン
冖	ベキ
冗	ジョウ
冘	イン ユ
写	シャ ジャ
冝	ギ
冠	カン
冡	ボウ モ
冢	チョウ
冣	サイ シュ
冤	エン
冥	メイ ミョウ
冦	コウ
冨	フ フウ
冩	シャ
冪	ベキ
冫	ヒョウ
冬	トウ
冭	タイ タツ タチ タ
冰	ヒョウ
冱	ゴ コ
冲	チュウ
决	ケチ ケツ
冴	ゴ コ
况	キョウ
冶	ヤ
冷	レイ
冸	ハン
冺	ビン ベン ミン メン
冼	ショウ
冽	レツ レイ
冾	キョウ
冿	セン
凂	バイ
凃	
凄	セイ サイ
凅	コ カク
准	ジュン
凈	ソウ ショウ
凉	リョウ
凊	セイ シャウ
凋	チョウ
凌	リョウ
凍	トウ
减	ゲン
凑	ソウ
凒	ギ ゲ カイ
凓	リツ リチ
凕	ベイ ミョウ
凖	ジュン
凘	シ セイ サイ
凛	リン
凜	リン
凝	ギョウ
凞	キ
几	キ
凡	ボン ハン
凢	ボン ハン
凥	キョ コ
処	ショ
凧	
凩	
凪	
凭	ヒョウ ヘイ
凮	フウ フ
凰	コウ オウ
凱	ガイ カイ
凲	カン ケン
凳	トウ
凴	ヒョウ
凵	カン
凶	キョウ
凷	カイ ケ
凸	トツ
凹	オウ
出	シュツ スイ
函	カン
凾	カン
刀	トウ
刁	チョウ
刂	トウ
刃	ジン ニン
刄	ジン ニン
刅	ソウ ショウ
分	ブン フン ブ
切	セツ サイ
刈	ガイ カイ
刊	カン
刋	カン セン
刎	フン
刑	ケイ
划	カ ゲ
刓	ガン グン
刔	ケツ
刕	リ レイ ライ
刖	ゲツ グチ ゴツ ゴチ カツ
列	レツ レ
刘	リュウ ル
初	ショ
刢	レイ リョウ
判	ハン バン
別	ベツ
刧	コウ ゴウ キョウ
刨	ホウ ビョウ
利	リ
刪	サン
刮	カツ
到	トウ
刱	ソウ ショウ
刲	ケイ ケ
刳	コ
刵	ジ ニ ゲイ
制	セイ
刷	サツ
券	ケン
刹	セチ セツ サツ
刺	シ
刻	コク
刼	キョウ
剃	テイ
剄	ケイ
剅	ロウ ル トウ ツ
則	ソク
剉	サ
削	サク
剋	コク
剌	ラツ
前	ゼン
剏	ソウ ショウ
剔	テキ テイ
剕	ヒ
剖	ボウ
剗	サン セン
剘	キ
剚	シ
剛	ゴウ
剜	ワン
剝	ハク
剞	キ
剟	テツ テチ タツ タチ
剠	ケイ ショウ リョウ
剡	エン セン
剣	ケン
剤	ザイ スイ セイ
剥	ハク ホク
剦	エン アン
剩	ジョウ
剪	セン
剬	タン セン セイ
剮	カ ケ
副	フク
剰	ジョウ
剱	ケン
割	カツ
剳	トウ サツ チョウ
剴	ガイ カイ
創	ソウ ショウ
剷	サン セン
剸	タン セン
剹	リク リュウ ロク キョウ ク
剽	ヒョウ
剿	ソウ ショウ
劀	カツ
劂	ケツ クチ ケイ ケ
劃	カク
劄	サツ トウ
劅	タク
劇	ゲキ
劈	ヘキ ヒャク
劉	リュウ ル
劊	カイ ケ カツ
劌	ケイ ケ
劍	ケン
劑	ザイ スイ セイ
劒	ケン
劓	ギ ゲイ
劔	ケン
劕	シツ シチ チ
劖	サン
劗	サン セン
劘	バ マ ビ ミ
劚	チャク チョウ チョク
力	リョク リキ リイ
劜	アツ エチ
功	コウ ク
加	カ
劣	レツ
劤	キン コン ロク
劥	コウ キョウ
劦	キョウ リョウ
劧	シ
助	ジョ
努	ド
劫	コウ ゴウ キョウ
劬	ク
劭	ショウ
劯	ショ
劰	バク マク
励	レイ
労	ロウ
劵	ケン
劶	コウ ク
劷	ヨウ
劸	アイ ア
効	コウ
劺	ボウ ム
劻	キョウ コウ
劼	カツ ケチ
劽	レツ レチ
劾	ガイ
勀	コク
勁	ケイ
勃	ボツ ホツ
勄	ビン
勅	チョク
勆	ロウ
勇	ユウ
勈	ヨウ
勉	ベン
勊	
勌	ケン カン
勍	ケイ
勏	ホウ ブ
勐	バウ
勑	ライ チャク チキ
勒	ロク
勔	ベン メン ビン ミン
動	ドウ
勖	キャク コク ボウ キョク
勗	キョク ボウ
勘	カン
務	ム
勛	クン
勜	オ ヨウ
勝	ショウ
勞	ロウ
募	ボ
勠	リク
勡	ヒョウ
勢	セイ ゼイ
勣	セキ シャク
勤	キン ゴン
勥	キョウ ゴウ
勦	ソウ ショウ
勧	カン ケン
勨	ヨウ ショウ
勩	エイ イ シ
勪	キャク ガク キョウ
勬	ケン
勰	キョウ
勱	バイ メ
勲	クン
勳	クン
勴	リョ ロ
勵	レイ
勶	ケツ デチ テツ
勷	ジョウ ニョウ
勸	カン ケン
勹	ホウ
勺	シャク
勻	イン
勾	コウ ク
勿	モチ ブツ ボツ
匀	イン
匁	
匂	
匃	カツ カチ カイ
包	ホウ
匆	ソウ
匇	
匈	キョウ
匊	キク コク
匋	トウ ヨウ
匌	コウ
匍	ホ
匏	ホ ホウ
匐	ホク フク
匑	キュウ ク キク コク
匓	キョウ ク キュウ
匕	ヒ
化	カ ケ
北	ホク
匘	ノウ ドウ
匙	シ
匚	ホウ
匛	キュウ グ
匜	イ タ
匝	キョウ ソウ
匞	ショウ
匟	コウ
匠	ショウ
匡	キョウ オウ
匣	コウ
匤	キャク コク
匥	ヘン
匧	キョウ
匨	ソウ
匩	キョウ
匪	ヒ
匫	コツ コチ
匬	ユ トウ ズ
匭	キ コ
匯	キ エ カイ ワイ
匰	タン
匱	キ
匲	レン
匳	レン
匵	トク トウ
匸	ケイ
匹	ヒツ
区	ク オウ コウ
医	イ
匼	アン オン コウ
匽	エン
匾	ヘン
匿	トク
區	ク オウ コウ
十	ジュウ ジッ ジュッ
卂	シン
千	セン
卅	ソウ
卆	ソツ シュツ
升	ショウ
午	ゴ
卉	キ ケ
半	ハン
卋	セイ セ ソウ
卌	シュウ
卍	バン マン
卑	ヒ
卒	ソツ シュツ
卓	タク
協	キョウ
南	ナン ナ
単	タン
卙	ショウ シュウ
博	ハク バク
卛	ソツ リツ シュツ
卜	ボク
卞	ベン ヘン ハン
占	セン
卡	サ カ ソウ
卣	ユウ ユ
卥	セイ
卦	カ カイ ケ
卧	
卩	セツ
卬	キョウ ゴウ
卭	キョウ
卮	シ
卯	ボウ モウ
印	イン
危	キ
卲	ショウ
即	ソク
却	キャク
卵	ラン
卷	カン ケン
卸	シャ
卹	シュツ シュチ ソツ ソチ
卺	キン
卻	キャク
卽	ソク ショク
卾	ガク
卿	ケイ キョウ
厂	カン
厃	セン ギ エン
厄	ヤク
厇	タク チャク
厈	カン
厎	シ テイ キイ チ
厓	ガイ ゲ ギ
厔	シツ シチ
厖	ボウ
厘	リン
厙	シャ
厚	コウ
厝	サク ソ セキ ジャク
原	ゲン
厠	シ ショク
厡	ゲン
厤	レキ リャク
厥	ケツ クツ
厦	カ サ
厨	シュウ ズ チュ チュウ
厩	キュウ
厪	キン ゴン
厫	ゴウ
厭	エン オン アン オウ ユウ ヨウ
厮	シ
厯	レキ
厰	ショウ
厲	レイ ライ レツ レチ
厳	ゲン ゴン
厴	エン
厵	ゲン
厶	シ ボウ ム
厷	コウ
厸	リン
厺	キョ コ
去	キョ コ
厽	ルイ サン
叀	セン
参	サン シン
參	サン シン
叅	サン シン
又	ユウ
叉	サ シャ サイ
及	キュウ
友	ユウ
双	ソウ
反	ハン ホン タン ホ
収	シュウ
叏	カイ ケツ ケチ
叒	ニャク シャク
叓	シ ズ
叔	シュク
叕	テイ テツ テチ ゲツ イ
取	シュ
受	ジュ
叙	ジョ
叚	カ ケ
叛	ハン ホン
叝	コウ
叞	イ
叟	ソウ シュウ
叠	ジョウ チョウ
叡	エイ
叢	ソウ ス
口	コウ ク
古	コ
句	ク
另	レイ リョウ
叧	カ ケ
叨	トウ
叩	コウ
只	シ
叫	キョウ
召	ショウ
叭	ハツ
叮	テイ
可	カ コク
台	ダイ タイ
叱	シツ シチ
史	シ
右	ウ ユウ
叴	
叵	ハ
叶	キョウ
号	ゴウ
司	シ
叺	
吁	ク ウ
吂	ボウ モウ
吃	キツ
各	カク
合	ゴウ ガッ カッ
吉	キチ キツ
吊	チョウ
吋	トウ ドウ スン
同	ドウ
名	メイ ミョウ
后	コウ ゴ
吏	リ
吐	ト
向	コウ
吒	タ
吓	カ
吚	イ キ
君	クン
吝	リン
吞	ドン トン テン
吟	ギン
吠	ハイ ベイ
吡	ヒツ ビチ ヒ
吤	カイ ケ カ
否	ヒ
吧	ハ ヘ
吨	トン
吩	フン
吪	グウ ゲ カ
含	ガン
听	キン
吭	コウ
吮	セン シュン
启	ケイ
吱	シ キ
吴	ゴ
吵	ビョウ ミョウ ソウ ショウ
吶	トツ
吸	キュウ
吹	スイ
吻	フン ブン
吼	コウ ク
吽	コウ ウン イン オン グ
吾	ゴ
呀	ガ カ
呂	ロ リョ
呃	アク アイ
呄	コク
呆	ホウ
呇	ケイ
呈	テイ
呉	ゴ
告	コク
呍	コウ ウン イン オン グ
呎	シャク
呏	ショウ
呑	トン ドン
呕	
呞	シ チ
呟	ゲン
呢	ジ ニ
呤	レイ リョウ
呦	ユ オウ ユウ ヨウ
呧	テイ タイ
周	シュウ
呩	シ
呪	ジュ シュ シュウ ズ
呫	チョウ ショウ テン
呬	キ チ レイ リョウ
呭	エイ セツ セチ
呮	キ
呰	シ サ
呱	コ
味	ミ
呴	ク コウ
呵	カ
呶	ド ドウ
呷	コウ
呻	シン
呼	コ
命	メイ ミョウ
呿	カ キョ コ キョウ コウ
咀	ソ ショ
咁	カン
咃	タ
咄	トツ
咅	トウ
咆	ホウ
咈	フツ ブチ ヒツ ビチ
咉	オウ
咊	ワ
咋	サク サ
和	ワ オ カ
咍	カイ タイ
咎	キュウ コウ
咏	エイ
咐	フ ホ
咑	ダ
咒	ジュ シュ シュウ
咕	コ
咖	カ
咜	タ ト
咟	カク
咠	シュウ ユウ
咡	ジ ニ
咢	ガク
咤	タ ト
咥	テツ キ
咦	イ キ タイ
咧	レツ レチ
咨	シ
咩	ビ ミ
咪	ビ ベイ
咫	シ
咬	コウ ヨウ
咭	キツ ギチ カツ ケチ
咮	トウ ツ チュウ シュウ
咯	カク
咱	サツ サチ サ シャ
咲	ショウ
咳	カイ ガイ
咷	ドウ チュウ テキ ジャク
咸	カン ゲン
咹	アツ アチ アン
咺	ケン クン
咻	ク キョウ コウ
咼	カイ ケ クウ カ
咽	イン エン エツ
咾	ロウ
咿	イ
哀	アイ
品	ヒン ホン
哂	シン
哃	トウ ズ
哄	コウ
哆	シ タ シャ
哇	ア アイ エ ワ
哈	ゴウ ハ ソウ
哉	サイ
哊	イク
响	キョウ
哎	ガイ
哘	
哠	コウ
員	イン
哢	ロウ
哥	カ コ
哦	ガ
哨	ショウ
哩	リ
哪	ダ ナ
哬	カ
哭	コク
哮	コウ
哯	ケン
哱	ホツ ホチ ハイ ヘ
哲	テツ
哳	タツ テチ
哶	バ メ マ ビ ミ
哺	ホ
哼	コウ キョウ
哽	コウ
哾	セツ ヤツ ヤチ
哿	カ
唀	ユウ シュウ
唁	ゲン ゴン
唄	バイ
唅	カン コン
唆	サ
唇	シン
唈	オウ ユウ
唉	カイ キ アイ イ
唌	セン タン エン
唍	カン ゲン
唎	リ
唏	キ
唐	トウ
唔	ゴ
唕	ソウ
唖	ア アク
唪	ホウ ホ ブ
唫	ゴン キン
售	シュウ
唯	ユイ イ
唱	ショウ
唲	ジ ニ アイ
唳	レイ
唵	アン オン
唶	シャ セキ シャク サク
唸	テン
唹	オ
唻	ライ
唼	ショウ ソウ
唽	セキ シャク
唾	ダ タ
啀	ガイ
啁	トウ チョウ チュウ シュウ
啄	タク ツク トク
啅	タク トウ
商	ショウ
啇	テキ チャク セキ
啉	ラン
啊	ア
啌	クウ コウ
啍	トン シュン タイ テ キョウ コウ
問	モン
啐	サイ セ サ シュツ シュチ カツ カチ
啑	ソウ ショウ
啓	ケイ
啖	タン
啗	タン
啘	エン セツ エツ
啚	ヒ ト
啛	サイ セ
啜	セツ テツ
啝	ワ
啞	ア
啠	テツ
啡	ハイ ヘ ヒ
啣	カン
啤	ヒ
啦	ロウ
啻	シ
啼	テイ
啽	ガン ゴン
啾	シュウ
啿	タン ドン
喀	カク
喁	グ ゴウ キョウ
喂	イ キ カイ
喃	ナン
善	ゼン
喆	テツ
喇	ラツ ラ
喈	カイ
喉	コウ
喊	カン ヤク
喋	チョウ トウ
喎	カイ ケ クウ カ
喏	シャ ニャ ジャク ニャク ダク
喑	イン オン アン
喒	サン
喓	ヨウ
喔	アク ラク オク
喗	ギン ゴン グン
喘	ゼン セン
喙	カイ
喚	カン
喜	キ
喝	カツ
喞	ショク ソク
喟	キ カイ
喣	ク
喤	コウ オウ キョウ
喧	ケン
喨	リョウ ロウ
喩	ユ
喪	ソウ
喫	キツ
喬	キョウ
喭	ゲン ガン
單	タン
喰	
喲	ヤク
営	エイ
喿	ソウ ショウ
嗁	テイ ダイ
嗃	コウ キョウ
嗄	サ
嗅	キュウ
嗆	ショウ ソウ
嗇	ショク
嗉	ソ
嗋	キョウ コウ
嗌	エキ ヤク アク アイ エイ
嗎	バ
嗑	コウ
嗒	トウ
嗓	ソウ
嗔	シン
嗗	アツ エチ
嗘	ケイ
嗚	ウ オ
嗛	ケン カン キョウ
嗜	シ
嗝	カク キャク
嗞	シ
嗟	サ シャ
嗢	オツ ラツ ラチ アツ エチ
嗣	シ
嗤	シ
嗩	サ
嗶	ヒツ ヒチ
嗷	ゴウ
嗹	レン
嗽	ソウ シュウ ソク
嗾	ゾク ソク ソウ
嗿	タン トン
嘅	カイ
嘆	タン
嘇	
嘈	ソウ ショウ
嘉	カ
嘊	ガイ
嘍	ロウ ル
嘎	カツ ケチ
嘏	カ ケ
嘐	ホウ ロウロウ ヒョウ ビュウ ミョウ コウ
嘑	コ ク
嘒	ケイ ケ
嘔	オウ ク
嘖	サク
嘗	ショウ ジョウ
嘘	キョ コ
嘙	ハ
嘛	マ
嘨	ショウ シツ シュウ
嘩	カ ケ
嘬	サイ セ セイ
嘯	ショウ シツ
嘰	キ ケ
嘱	ショク
嘲	チョウ トウ
嘳	カイ キ ケ
嘴	シ
嘵	キョウ
嘶	セイ
嘷	コウ
嘸	ブ ム
嘹	リョウ
嘻	キ イ
嘼	キュウ ク チュウ
嘽	タン セン タ
嘿	ボク モク コク
噀	ソン
噁	オ ウ アク
噂	ソン
噃	ハン ボン
噄	キツ
噆	ソウ サン
噇	トウ
噉	タン
噋	トン カク
噌	ソウ ショウ ソ
噍	ショウ シュウ シュ シャク ザク
噎	イツ エツ
噏	キュウ
噐	キ
噓	キョ
噔	トウ
噛	コウ ゴウ
噞	ゲン
噠	タツ タチ
噡	トウ セン タン
噢	ユウ イク ウ ク
噣	チュ チュウ トウ ツ ショク ソク
噤	キン
噦	エツ オチ エチ キ ケ ケイ カイ
器	キ
噩	ガク カク
噪	ソウ
噫	イ アイ オク
噬	ゼイ
噭	キョウ ケキ キャク
噯	アイ ガイ
噱	キャク ガク
噲	カイ ケ ワイ エ カツ カチ
噴	フン
噵	トウ
噶	カツ カチ
噸	トン
噺	
嚀	ネイ ニョウ
嚄	カク ワク
嚅	ジュ ニュ
嚆	コウ
嚇	カク
嚈	ヨウ エン
嚊	ヒ
嚋	チュウ チュ
嚌	セイ カイ サイ
嚏	テイ
嚔	テイ
嚕	ロ
嚙	コウ ゴウ
嚚	ギン ゴン ガン ゲン
嚝	カク コウ
嚞	テツ
嚟	リ
嚠	リュウ ル
嚢	ノウ ドウ
嚥	エン
嚦	レキ リャク
嚧	ロ
嚨	ロウ ル
嚩	ハク バ
嚫	シン
嚬	ヒン
嚭	ヒ
嚮	コウ キョウ
嚱	キ
嚲	タ
嚳	コク
嚴	ゲン ゴン
嚶	オウ
嚷	ジョウ
嚼	シャク
嚾	カン タン
囀	テン
囁	ショウ
囂	ゴウ キョウ
囃	サツ ソウ
囅	テン テツ テチ
囈	ゲイ
囉	ラ
囊	ノウ ドウ
囋	サツ ザチ サン
囌	ソ
囍	
囎	ソ
囏	カン ケン
囐	サツ ザチ ガツ ガチ
囑	ショク
囓	ゲツ ケツ
囗	イ コク
囘	カイ エ
囙	イン
囚	シュウ
四	シ
囜	ジン ニン
囝	ケン ガチ
回	カイ エ
囟	シン シ
因	イン
囡	ジュウ ノウ ナン
団	ダン トン
囤	トン
囥	コウ
囦	エン カク コウ
囧	ケイ キョウ ソウ
囨	ヘン
囫	コツ コチ
园	バン ガン タン エン
囮	カ ユウ
困	コン
囱	ソウ ス
囲	イ
図	ズ ト
囶	コク
囷	キン コン
囹	レイ
固	コ
国	コク
囿	ユウ
圀	コク
圁	ギン ゴン ガン ゲン
圂	コン カン ダン
圃	ホ フ
圄	ゴ ギョ
圇	リン
圈	ケン
圉	ギョ ゴ
圊	セイ ショウ
國	コク
圌	セン スイ
圍	イ
圏	ケン
圑	ホ フ
園	エン
圓	エン
圕	ショ
圖	ズ ト
團	ダン トン
圚	カイ エ
圛	エキ ヤク
圜	カン エン
圝	ラン
土	ド ト
圠	アツ エチ
圡	
圢	テイ チョウ テン
圣	コツ クツ コチ セイ
圤	ハク ホク
圥	ロク
圦	
圧	アツ エン オウ
在	ザイ
圩	ウ オ イ キョ
圪	ギツ ギチ ゴチ イツ オチ
圬	オ ウ コ
圭	ケイ ケ
圮	ヒ
圯	イ シ
地	チ ジ
圳	ショウ シュ シン ソン シュン
圴	シャク サク ショウ
圷	
圸	
圻	キ ギン
圽	ボツ モチ
圾	ギュウ ゴウ ショク セイ
圿	カツ ケチ
址	シ
坂	ハン
坅	キン コン サン
坆	バイ フン
均	キン
坊	ボウ ボッ
坌	ホン フン
坍	タン トン
坎	カン
坏	ハイ
坐	ザ サ
坑	コウ
坒	ヒ
坡	ハ ヒ
坢	ハン
坤	コン
坥	ショ
坦	タン
坧	シャク セキ
坨	タ イ チ ジ
坩	カン
坪	ヘイ
坫	テン チン
坭	デイ ナイ デ ニ
坮	タイ
坯	ヒ ハイ ヘ
坰	ケイ キョウ
坱	オウ
坳	オウ
坴	リク ロク
坵	キュウ
坷	カ
坹	ケツ ゲチ
坺	ハツ ハチ ボチ
坻	チ シ テイ タイ
坼	タク チャク
坾	チョ ジョ
坿	フ
垁	チ ジ
垂	スイ
垃	ラツ
垈	タイ ダイ
垉	ホウ
型	ケイ
垌	トウ ツ
垓	ガイ カイ
垔	シュ ショウ トウ ズ
垕	コウ
垗	チョウ トウ
垙	コウ クウ
垚	ギョウ
垜	ダ
垝	キ
垞	タ
垟	ヨウ
垠	ギン ゴン
垡	ハツ ボチ
垢	コウ ク
垣	エン
垤	テツ
垧	ケイ キョウ
垨	シュ ス
垩	セイ ショウ
垪	ハ
垬	コウ キョウ
垰	
垳	
垸	カン
垽	ギン ゴン
埀	スイ
埃	アイ
埆	カク
埇	ヨウ ユ
埈	シュン カイ
埋	マイ
埌	ロウ
城	ジョウ
埏	セン エン
埒	レツ ラツ ラチ
埓	レツ ラツ ラチ
埔	ホ
埕	テイ
埖	
埗	
埜	ヤ ショ
埝	テン ドウ ニョウ ネン
埞	テイ
域	イキ
埠	フ ホ
埡	オ ウ
埣	ソツ
埤	ヒ ヘイ
埦	ワン
埧	ク
埩	ショウ ソウ
埭	タイ
埰	サイ
埴	ショク
埵	タ
埶	ゲイ セイ
執	シツ シュウ
埸	エキ ヤク
培	バイ
基	キ
埻	シュン タ ダ タイ テ コウ ジュク
埼	キ
埽	ソウ シュ
埾	キョ シュ
埿	デイ ナイ ハン
堀	クツ
堂	ドウ
堃	コン
堄	ゲイ ゲン
堅	ケン
堆	タイ ツイ
堈	コウ
堉	イク
堊	アク ア オ
堋	ホウ
堌	コ ク
堍	ト
堕	ダ
堙	イン
堛	ヒョク ヒキ キョク
堝	カ
堞	チョウ チュウ
堟	テン
堠	コウ ク
堡	ホ ホウ
堤	テイ
堦	カイ
堧	ゼン ネン ダ ナ ダン ナン
堪	カン タン
堭	オウ コウ
堯	ギョウ
堰	エン
報	ホウ
堲	シツ シチ ショク シキ シ
場	ジョウ チョウ
堵	ト
堹	チョウ ショウ シュ
堺	カイ
堽	コウ
堿	カン コン
塀	ヘイ ベイ
塁	ルイ ライ スイ
塉	セキ シャク
塊	カイ ケ
塋	エイ
塌	トウ
塍	ショウ
塏	カイ
塐	ソ
塑	ソ
塒	シ ジ
塔	トウ
塕	オウ オ
塗	ト
塘	トウ
塙	カク コウ
塚	チョウ
塞	ソク サイ
塟	ソウ
塡	テン チン
塢	オ ウ
塤	ケン クン
塧	アイ エ
塨	キョウ
塩	エン
填	テン チン
塰	
塲	ジョウ チョウ
塵	チン ジン
塸	オウ オ
塹	ザン セン
塼	セン タン
塾	ジュク
塿	ロウ ル
墀	チ ジ
墁	バン マン
境	キョウ ケイ
墅	ショ ヤ
墇	ショウ
墈	カン コン
墉	ヨウ ユ
墊	テン チョウ
墋	シン
墌	シャク セキ
墍	キ ケ カイ
墏	ショウ ソウ
墐	キン ゴン
墓	ボ
墔	サイ ゼ
墖	トウ
増	ゾウ
墜	ツイ
墝	コウ キョウ ギョウ
增	ゾウ ソウ
墟	キョ
墠	セン タン
墡	セン
墢	ハツ ハイ
墦	ハン ホン
墨	ボク
墩	トン
墪	
墫	シュン
墮	ダ
墱	トウ
墲	ボ モ ブ ム
墳	フン
墸	チョ
墹	
墺	オウ イク
墻	ショウ
墼	ゲキ キャク
墾	コン
壁	ヘキ
壂	テン
壃	
壄	ヤ ショ
壅	ヨウ
壇	ダン タン
壈	オン ラン
壊	カイ エ
壌	ジョウ
壍	ザン セン
壎	ケン クン
壐	ジ
壑	ガク カク
壒	アイ カイ
壓	アツ エン オウ
壔	トウ
壕	コウ ゴウ
壖	ゼン ネン
壗	
壘	ルイ ライ スイ
壙	コウ
壚	ロ リョ
壜	ドン タン
壝	イ タ
壞	カイ エ
壟	ロウ リョウ
壠	ロウ
壡	エイ
壢	レキ リャク
壤	ジョウ
壥	テン
壩	ハ ヘ
士	シ
壬	ニン ジン イ
壮	ソウ
壯	ソウ
声	セイ ショウ
壱	イチ イツ
売	バイ
壳	カク コク バイ
壴	シュ チュ
壷	コ
壹	イチ イツ
壺	コ
壻	セイ
壼	コン
壽	ジュ ス シュウ
夂	チ
夅	コウ ゴ
夆	ホウ フ バ
変	ヘン
夊	スイ
夋	シュン
夌	リョウ
复	
夏	カ ガ ゲ
夐	ケイ ケン
夒	ドウ ノウ
夓	カ ゲ
夔	キ
夕	セキ
外	ガイ ゲ
夘	ボウ
夙	シュク
多	タ
夛	タ
夜	ヤ
夝	セイ ソウ ショウ
夡	キ
夢	ム ボウ
夣	ム ボウ
夤	イン イ
夥	カ ワ
大	ダイ タイ
夨	ショク シキ レツ レチ
天	テン
太	タイ タ
夫	フ フウ ブ
夬	カイ ケツ ケチ
夭	ヨウ オウ カ
央	オウ
夯	コウ
夰	コウ
失	シツ
夲	ホン
夳	タイ
夵	エン トウ
夶	ヒ
夷	イ
夸	コ カ
夽	
夾	キョウ コウ
夿	ハ ヘ
奃	テイ タイ
奄	エン
奆	ケン ガン
奇	キ
奈	ナ ナイ ダイ
奉	ホウ ブ
奎	ケイ キ
奏	ソウ
奐	カン
契	ケイ
奒	ガイ ホウ ブ
奓	タ シャ シ
奔	ホン
奕	エキ ヤク
套	トウ
奘	ジョウ ソウ
奙	ホン
奚	ケイ
奛	コウ
奝	チョウ
奞	シュン スイ ヨウ
奟	コウ ホウ ヒョウ
奠	テン デン テイ
奡	ゴウ
奢	シャ
奣	オウ ワン コウ
奥	オウ
奧	オウ オク
奨	ショウ ソウ
奩	レン
奪	ダツ
奫	イン
奬	ショウ ソウ
奭	セキ シャク カク キャク
奮	フン
奯	カツ カチ
奲	シャ セン タ
女	ジョ ニョ ニョウ
奴	ド
奵	テイ チョウ テン
奶	ダイ ネ ナイ
奸	カン
她	チ ジ シャ タ イ
奻	ダン ナン
奼	タ ト ツ
好	コウ
妁	シャク
如	ジョ ニョ
妃	ヒ
妄	モウ ボウ
妊	ニン ジン
妋	フ ヨウ ウ ユウ
妌	セイ ジョウ
妍	ケン
妎	カイ ケイ
妒	ト ツ
妓	ギ キ
妕	チュウ チュ
妖	ヨウ
妗	セン ケン カン キン ゴン
妙	ミョウ ビョウ
妛	シ
妝	ソウ ショウ
妟	アン エン
妣	ヒ
妤	ヨ
妥	ダ
妧	ゲン ガン
妨	ボウ
妬	ト ツ
妭	ハツ バチ
妮	ジ ニ
妯	チュウ ジク ロク トク
妰	チャク
妲	ダツ
妳	ダイ ナイ デイ ジ ネ ニ
妷	テツ チツ ジチ イツ イチ
妹	マイ
妺	バイ バツ マチ マツ
妻	サイ
妼	ヒ ヒツ ビチ
妾	ショウ
姁	ク
姃	セイ ショウ
姄	ビン ミン
姆	ボ モ
姈	レイ リョウ
姉	シ
姊	シ
始	シ
姍	サン セン ハン サツ サチ
姐	ソ シャ
姑	コ
姒	シ
姓	セイ ショウ
委	イ
姙	ニン ジン
姚	ヨウ チョウ
姜	キョウ ガ
姝	ス シュ
姞	キツ キチ
姟	ガイ
姣	コウ キョウ
姤	コウ ク
姥	ボ モ
姦	カン ケン
姧	カン ケン
姨	テイ イ
姪	テツ チツ ジチ イツ イチ
姫	キ
姮	コウ ジョウ
姯	コウ
姱	カ ケ コ ク
姲	アン エン
姴	レツ レチ
姶	オウ アイ
姷	ユウ ウ
姸	ケンゲン
姻	イン
姿	シ
娀	シュウ シュ
威	イ
娃	ア アイ ワ
娄	ル ロウ
娉	ヘイ ホウ
娌	リ
娍	セイ ジョウ
娎	ケツ ケチ キョウ
娑	シャ サ
娒	ボ モ
娓	ビ ミ キ
娗	テイ ジョウ テン
娘	ジョウ
娚	ナン ノウ ドウ
娜	ダ ナ
娞	ダイ ネ スイ
娟	エン ケン
娠	シン
娣	テイ ダイ
娤	ソウ ショウ
娥	ガ
娧	タイ テ エツ エチ
娨	バン マン カン ゲン
娩	ベン
娪	ゴ ギョ
娭	キ アイ
娯	ゴ
娰	シ
娵	シュ シュウ ス ソウ
娶	シュ
娼	ショウ
婀	ア
婁	ル ロウ
婄	ホウ ブ バイ
婅	キク コク
婆	バ
婇	サイ
婈	リョウ
婉	エン
婌	シュク
婐	ワ カ
婕	ショウ
婚	コン
婞	ケイ ギョウ コウ
婢	ヒ
婣	イン
婥	ドウ ニョウ テキ シャク
婦	フ
婧	セイ ショウ ジュウ
婪	ラン
婬	イン
婭	ア
婷	テイ チョウ
婺	ブ ム ボウ ボク モク
婻	ダン ナン
婾	トウ ツ ユ
婿	セイ
媄	ビ ミ
媋	シュン
媐	キ イ
媒	バイ
媓	コウ オウ
媖	エイ ユウ
媙	イ
媚	ビ
媛	エン
媜	テイ チョウ
媞	シ テイ タイ タ
媟	セツ セチ
媠	タ ナ ラ
媢	ボウ モウ ボク モク バイ メ
媧	カイ ケ カ
媬	ホ
媱	ヨウ
媲	ヘイ ヒ
媳	セキ シャク
媵	ヨウ
媸	シ
媺	ビ ミ
媻	ハン ハ
媼	オウ
媽	ボ モ
媾	コウ
媿	キ
嫁	カ
嫂	ソウ
嫄	ゲン ガン
嫆	ヨウ ユ
嫈	ショウ オウ ギョウ エイ ケイ
嫉	シツ
嫋	ジョウ ジャク デキ
嫌	ケン ゲン
嫏	ロウ
嫐	ドウ ジョウ
嫖	ヒョウ
嫗	ウ オウ
嫚	バン マン ベン メン エン
嫜	ショウ
嫠	リ
嫡	チャク テキ
嫣	エン
嫥	セン タン
嫦	コウ ジョウ
嫩	ドン ノン
嫪	ロウ
嫮	コ
嫰	
嫵	ブ ム
嫶	ショウ ソウ
嫺	カン
嫻	カン
嫽	ロウ リョウ
嬀	キ
嬁	トウ
嬈	ニョウ ドウ キョウ ジョウ ヨウ
嬉	キ
嬋	セン
嬌	キョウ
嬖	ヘイ
嬗	セン タン
嬙	ショウ ゾウ ショク シキ
嬛	ケン ケイ ギョウ
嬝	ジョウ ジャク デキ
嬡	アイ
嬢	ジョウ
嬥	チョウ ジョウ タク テキ チャク
嬪	ヒン
嬬	ジュ
嬭	ダイ ナイ デイ ジ ネ ニ
嬰	エイ
嬲	ドウ ジョウ
嬴	エイ
嬶	
嬸	シン
嬾	ラン
孀	ソウ
孁	レイ リョウ
孃	ジョウ
孅	セン
孋	リ レイ ライ
孌	レン ラン バン マン
子	シ ス ツ
孑	ケツ
孒	ケツ カチ キョウ ク クツ
孔	コウ
孕	ヨウ
孖	シ
字	ジ
存	ソン ゾン
孚	フ
孛	ハイ ブツ ボツ
孜	シ
孝	コウ キョウ
孞	シン
孟	モウ ボウ ミョウ
季	キ
孤	コ
孥	ド ヌ
学	ガク
孨	セン ジュウ ニュウ
孩	ガイ カイ
孫	ソン
孮	ソウ ズ
孯	カン ケン
孰	ジュク
孱	セン サン
孳	ジ シ
孵	フ
學	ガク
孺	ジュ
孼	ゲツ ゲチ
孽	ゲツ ゲチ
孾	エイ
孿	サン セン レン
宀	ベン メン
宁	チョ
它	タ
宄	キ
宅	タク
宆	キュウ キョウ
宇	ウ
守	シュ ス
安	アン
宊	トツ カ
宋	ソウ
完	カン
宍	ニク ジク
宎	ヨウ
宏	コウ
宐	ギ
宑	セイ ショウ
宓	ミチ フク ヒツ
宔	シュ
宕	トウ
宖	コウ
宗	シュウ ソウ
官	カン
宙	チュウ
定	テイ ジョウ
宛	エン
宜	ギ
宝	ホウ
実	ジツ シツ
客	キャク カク
宣	セン
室	シツ
宥	ユウ
宦	カン
宨	チョウ テワ
宩	シ
宬	セイ ジョウ
宭	クン
宮	キュウ グウ ク クウ
宯	コウ キョウ
宰	サイ
宱	サ ジャ
宲	ホウ
害	ガイ
宴	エン
宵	ショウ
家	カ ケ
宷	シン
宸	シン
容	ヨウ
宺	コウ
宼	コウ
宿	シュク
寀	サイ
寁	サン ショウ
寂	ジャク セキ
寃	エン
寄	キ
寅	イン
密	ミツ
寇	コウ
寉	
富	フ フウ
寍	ネイ
寎	ヘイ ケイ
寏	カン
寐	ビ
寒	カン
寓	グウ グ ドウ
寔	ショク
寖	シン
寗	ネイ ニュウ デイ ニョウ
寘	シ
寙	ユ
寚	ホウ
寛	カン
寝	シン
寞	バク マク
察	サツ
寠	ク ル ロウ
寡	カ
寢	シン
寤	ゴ
寥	リョウ
實	ジツ シツ
寧	ネイ
寨	サイ
審	シン
寫	シャ
寬	カン
寮	リョウ
寯	シュン
寰	カン
寱	ゲイ
寳	ホウ
寴	シン
寵	チョウ
寶	ホウ
寸	スン
寺	ジ
寽	リン リチ リツ
対	タイ ツイ
寿	ジュ ス シュウ
封	フウ ホウ
専	セン
尃	フ ホ
射	シャ
尅	コク
将	ショウ ソウ
將	ショウ ソウ
專	セン
尉	イ ジョウ
尊	ソン
尋	ジン
尌	シュ チュ ジュウ
對	タイ ツイ
導	ドウ
小	ショウ
少	ショウ
尒	ジ ニ
尓	ジ ニ
尖	セン
尗	シュク
尚	ショウ
尞	リョウ
尟	セン
尠	セン セウ
尢	オウ
尣	オウ
尤	ユウ
尦	リョウ ホウ チョウ
尨	ボウ
尩	オウ
尫	オウ
尬	カイ カツ ケチ
尭	ギョウ
尮	タ
尰	ショウ ジュ シュウ
就	シュウ ジュ
尲	カン ケン
尵	タイ デ
尶	カン ケン
尸	シ
尹	イン
尺	シャク
尻	コウ
尼	ニ
尽	ジン サン
尾	ビ
尿	ニョウ
局	キョク
屁	ヒ
居	キョ コ
屆	カイ
屈	クツ
届	カイ
屋	オク
屍	シ
屎	シ キ
屏	ヘイ ビョウ
屐	ゲキ ケキ
屑	セツ
屓	キ
展	テン
屙	ア
屚	ロウ ロ
屛	ヘイ ビョウ
屜	テイ タイ
属	ゾク ショク
屟	テイ タイ セフ
屠	ト チョ
屡	ル
屢	ル
屣	シ
層	ソウ
履	リ
屧	テイ タイ ショウ
屨	ク
屩	キャク カク キク コク キョウ
屬	ゾク ショク
屭	キ
屮	テツ サ
屯	トン
屰	ゲキ ギャク ハク ヒャク
山	サン セン
屴	リョク リキ
屵	ガツ ガチ ゲツ ゲチ
屶	
屹	キツ
屺	キ
屻	ジン ニン
屼	ゴチ グツ グチ コツ
屽	カン
岇	ゴウ
岈	コ カ
岊	セツ セチ グ
岌	キュウ
岏	ガン
岐	キ ギ
岑	シン ギン
岒	ケン ゲン
岔	タ
岝	サク シャク
岟	ヨウ オウ
岠	キョ ゴ
岡	コウ
岢	カ
岣	コウ ク
岦	リョウ リュウ
岧	テウ デウ
岨	ソ ショ
岩	ガン
岪	フツ ブチ
岫	コウ シュウ ユウ
岬	コウ
岭	レイ
岱	タイ
岲	コウ キョウ
岳	ガク
岴	ク
岵	コ
岶	ハク
岷	ビン ミン
岸	ガン
岺	レイ
岻	ジ ニ
岼	
岾	
峅	
峇	コウ
峉	ガク ギャク
峋	シュン
峐	カイ キ
峒	トウ ズ
峗	ガイ ゲ グツ グチ キ
峙	ジ
峝	トウ ズ
峠	
峡	キョウ コウ
峨	ガ
峩	ガ
峪	ヨク
峭	ショウ
峮	キン コン クン
峯	ホウ
峰	ホウ
峱	ドウ ノウ
峲	リ
峴	ケン
島	トウ
峺	コ
峻	シュン
峽	キョウ コウ
崁	カン
崆	コウ ク
崇	スウ
崋	カ ク
崍	ライ
崎	キ
崐	コン
崑	コン
崒	シュツ シュチ ソツ ゾチ スイ
崔	ガイ サイ スイ
崕	ガイ
崖	ガイ ゲ ギ
崗	コウ
崘	ロン
崙	ロン
崚	リョウ
崛	クツ
崝	サウ ジャウ
崟	ギン
崠	トウ ツ
崢	ソウ
崣	イ
崤	コ コウ ギョウ
崦	エン
崧	シュウ シュ スウ
崩	ホウ
崫	クツ
崱	ショク ジキ
崴	ワイ エ イ
崹	テイ ダイ
崽	サイ シャ シ
崿	ガク ゴウ
嵂	リツ リチ
嵃	ゲン ガン
嵆	ケイ
嵇	ケイ ゲイ
嵈	カン
嵊	ショウ
嵋	ビ
嵌	カン
嵎	グウ グ
嵐	ラン
嵑	ケツ ゲチ カツ カチ
嵒	ガン
嵓	ガン
嵕	ソウ
嵙	カ
嵜	キ
嵟	キ テ タイ
嵠	ケイ
嵡	オウ オ
嵢	ソウ
嵤	ケイ ギョウ コウ エイ ヨウ
嵩	スウ シュウ
嵪	コウ キョウ
嵬	カイ ギ
嵭	ホウ ヒョウ
嵯	サ シ
嵰	ケン カン
嵳	サ
嵶	
嵹	キョウ ゴウ
嵺	コウ キョウ リョウ
嵾	シン サン ソン
嵿	テイ チョウ
嶁	ル ロウ
嶂	ショウ
嶃	サン セン
嶄	ザン サン
嶇	ク
嶈	ソウ ショウ
嶊	スイ ツイ サイ セ
嶋	トウ
嶌	トウ
嶐	リュ
嶒	ショウ ゾウ
嶓	ハ
嶔	キン コン ケン カン
嶕	ショウ
嶗	
嶙	リン
嶛	リョウ
嶝	トウ
嶟	ソン シュン
嶠	キョウ
嶢	ギョウ
嶤	
嶧	エキ ヤク セキ シャク
嶫	ギョウ
嶬	ギ
嶮	ケン
嶰	カイ ケ
嶲	ケイ エ キ スイ
嶴	オウ オク
嶷	ギョク ギ
嶸	コウ オウ エイ ヨウ
嶹	トウ
嶺	レイ リョウ
嶼	ショ
嶽	ガク
巃	ロウ ル
巇	キ
巉	ザン サン
巋	キ
巌	ガン
巍	ギ
巎	ドウ
巐	チョウ
巑	サン ザン
巒	ラン
巓	テン
巖	ガン
巗	
巘	ゴン ケン
巙	キ ドウ ノウ
巛	セン
川	セン
州	シュウ ス
巠	ケイ キョウ
巡	ジュン
巢	
巣	ソウ
巤	リョウ
工	コウ ク グ
左	サ シャ
巧	コウ
巨	キョ
巩	キョウ
巫	フ
差	サ
己	コ キ
已	イ
巳	シ
巴	ハ
巵	シ
巷	コウ
巸	イ キ
巹	キン
巻	カン ケン
巽	ソン
巾	キン フク
帀	ソウ
市	シ
布	フ
帆	ハン
帇	デン ニョウ ロウ
帋	シ
希	キ ケ
帍	コ
帑	トウ ド
帒	タイ
帔	ヒ
帕	バツ メチ ハ ヘ ハク ミャク ミュク
帖	チョウ ジョウ
帘	レン シン ヨウ
帙	チツ
帚	ソウ シュウ
帛	ハク
帝	テイ
帟	エキ ヤク
帠	ゲイ
帥	スイ
帨	セイ サイ エツ エチ スイ
師	シ ス
席	セキ
帮	ホウ
帯	タイ
帰	キ
帲	ヘイ ヒョウ
帳	チョウ
帵	ワン エン オン
帶	タイ
帷	イ
常	ジョウ
帽	ボウ モウ
帾	ト ツ
幀	テイ チョウ トウ
幃	イ キ
幄	アク
幅	フク
幇	ホウ
幉	
幋	ハン
幌	コウ
幎	ベキ
幐	トウ
幑	キ
幔	マン バン
幕	マク バク
幖	ヒョウ
幗	カク
幘	サク シャク
幛	ショウ
幜	ケイ キョウ
幞	ホク
幟	シ
幡	マン ハン バン ホン
幢	トウ
幣	ヘイ
幤	ヘイ
幨	セン
幪	ボウ ム モウ
幫	ホウ
幬	チュウ ジュ トウ
幭	ベツ メチ バツ マチ
幮	チュ ジュ チュウ
幰	ケン コン
干	カン
平	ヘイ ビョウ ヒョウ
年	ネン
幵	ヘイ
并	ヘイ ヒョウ
幷	ヘイ ヒョウ
幸	コウ
幹	カン
幺	ヨウ
幻	ゲン
幼	ヨウ
幽	ユウ ヨウ
幾	キ
广	ゲン
庀	ヒ ヘイ ハイ
庁	チョウ テイ
広	コウ
庄	ショウ ソ ソウ ホウ
庇	ヒ
床	ショウ
庋	キ
庎	カイ
序	ジョ
底	テイ
庖	ホウ
店	テン
庚	コウ
府	フ
庠	ショウ
庢	チツ チチ テイ
庤	チ ジ
庥	キュウ ク
度	ド ト タク
座	ザ
庨	コウ キョウ
庪	キ
庫	コ ク
庬	ボウ モ モウ
庭	テイ
庱	チョウ リョウ
庳	ヒ
庵	アン
庶	ショ
康	コウ
庸	ヨウ
庹	
庽	グウ グ ドウ
庾	ユ
庿	ビョウ ミョウ
廁	シ ショク
廂	ショウ ソウ
廃	ハイ
廆	カイ エ ケ
廈	カ サ
廉	レン
廊	ロウ
廋	シュウ シュ ソウ ス
廌	チ
廎	ケイ キョウ テイ
廏	キュウ
廐	キュウ
廑	キン コン
廒	ゴウ
廓	カク
廔	ロウ ル リュ
廕	イン オン
廖	リョウ
廙	ヨク ヨキ イ
廚	シュウ ズ チュ チュウ
廛	テン
廜	ト ツ
廝	シ
廞	キン コン カン ケン
廟	ビョウ ミョウ
廠	ショウ
廡	ブ
廢	ハイ
廣	コウ
廥	カイ ケ
廨	カイ ケ
廩	リン
廫	リョウ ロウ
廬	ロ リョ
廰	チョウ テイ
廱	ヨウ
廳	チョウ テイ
廴	イン
延	エン
廷	テイ
廸	テキ
廹	
建	ケン コン
廻	カイ エ
廼	ナイ ダイ ノ アイ
廽	カイ エ
廾	キョウ ク
廿	ジュウ ニュウ
开	
弁	ベン ヘン
异	イ
弃	キ
弄	ロウ ル
弆	キョ コ
弇	エン カン コン ダン ナン
弈	エキ ヤク
弉	ジョウ ソウ
弊	ヘイ
弋	ヨク
弌	イチ イツ
弍	ニ ジ
弎	サン ゾウ
式	シキ
弐	ニ ジ
弑	シ シイ
弓	キュウ
弔	チョウ
引	イン
弖	テ
弗	フツ ホチ
弘	コウ グ
弙	オ ウ コ ク
弛	チ シ
弜	キョウ ゴウ キ
弝	ハ ヘ
弞	
弟	テイ ダイ デ
弡	クツ グチ チョウ
弢	トウ
弣	フ
弤	テイ タイ チュウ
弥	ミ ビ
弦	ゲン
弧	コ
弨	ショウ
弩	ド
弫	シン
弬	イ
弭	ビ ミ
弮	ケン
弯	ワン
弰	ソウ ショウ
弱	ジャク
弴	トン チョウ
張	チョウ
弶	ギョウ キョウ ゴウ
強	キョウ ゴウ
弸	ホウ
弻	ヒツ
弼	ヒツ
弽	ショウ ヨウ キョウ
弾	ダン タン
弿	ケン コン
彀	コウ ク
彁	カ セイ
彄	コウ ク
彅	
彇	ショウ ヨウ
彈	ダン タン
彊	キョウ ゴウ
彌	ミ ビ
彍	カク
彎	ワン
彐	ケイ
彑	ケイ
当	トウ
彔	ロク
彖	タン
彗	スイ エ ケイ セイ
彘	テイ エイ エ
彙	イ
彛	イ
彜	イ
彝	イ
彠	ワク カク キャク ヤク
彡	サン セン
形	ケイ ギョウ
彣	ブン モン
彤	トウ ズ
彦	ゲン
彧	イク
彩	サイ
彪	ヒョウ ヒュウ
彫	チョウ
彬	ヒン フン
彭	ホウ
彯	ビョウ
彰	ショウ
影	エイ
彲	チ
彳	テキ
彴	ハク シャク チャク テキ
彵	タ
彷	ホウ
彸	ショウ シュ
役	ヤク エキ
彺	オウ
彼	ヒ
彽	チ ジ テイ タイ デ
彾	レイ リョウ
彿	フツ
往	オウ
征	セイ
徂	ソ
徃	オウ
径	ケイ
待	タイ
徇	ジュン シュン
很	コン コウ ギン
徉	ヨウ
徊	カイ クワイ エ
律	リツ リチ レツ
後	ゴ コウ
徍	アイ ア エ
徏	チョク トク
徐	ジョ
徑	ケイ
徒	ト
従	ジュウ ショウ ジュ
徖	ソウ ス
得	トク
徘	ハイ
徙	シ
徜	ショウ
徝	チ チョク チキ
從	ジュウ ショウ ジュ
徠	ライ
御	ギョ ゴ
徢	ショウ
徤	ケン
徧	ヘン
徨	コウ
復	フク
循	ジュン
徫	イ
徬	ホウ
徭	ヨウ エウ
微	ビ
徯	ケイ
徰	セイ
徱	ヒョウ
徳	トク
徴	チョウ チ
徵	チョウ チ
德	トク
徸	ショウ シュ
徹	テツ
徼	キョウ ヨウ
徽	キ
心	シン
忄	シン
必	ヒツ
忇	ロク
忈	ジン ニン
忉	トウ
忋	カイ
忌	キ
忍	ニン
忐	クン コウ キョウ タン
忑	トク トウ
忒	トク
忓	カン
忔	キツ ギツ コチ コツ キ
忖	ソン
志	シ
忘	ボウ
忙	ボウ モウ
応	オウ ヨウ -ノウ
忝	テン
忞	ビン ミン ブン モン
忠	チュウ
忡	チュウ チュ シュウ シュ
忢	ゴ
忤	ゴ
忨	ガン
忩	ソウ
忪	ショウ シュ
快	カイ
忬	ヨ ショ
忭	ヘン
忮	シ キ
忯	キ シ
忰	スイ
忱	シン
忲	タイ
忳	トン シュン
念	ネン
忶	コン ウン
忸	ジク ジュウ
忺	ケン コン
忻	キン
忼	コウ ホウ ヒョウ
忽	コツ
忿	フン
怇	キョ ゴ キョウ
怊	チョウ ショウ
怍	サク サ ジャ
怎	シン ソ
怏	オウ ヨウ
怐	ク
怒	ド ヌ
怓	ドウ ニョウ ニュ
怔	セイ ショウ
怕	ハク ヒャク ハ
怖	フ ホ
怗	チョウ テン セン
怘	コ ク
怙	コ
怚	ショ ソ
怛	ダツ タン タツ
怜	レイ レン リョウ
思	シ
怟	テイ タイ
怠	タイ
怡	イ
怢	
怤	フ
急	キュウ
怦	ホウ ヒョウ
性	セイ ショウ
怨	エン オン ウン
怩	ジ
怪	カイ ケ
怫	フツ ハイ ヒ
怭	ヒツ ビチ
怯	キョウ コウ
怱	ソウ
怳	キョウ チュツ シュツ
怵	チュツ シュツ シュチ
怺	
恀	シ
恁	イン ジン ニン
恂	ジュン シュン
恃	ジ シ
恆	コウ
恇	キョウ コウ
恈	ボウ ム
恉	シ
恊	キョウ
恋	レン
恌	チョウ ヨウ
恍	コウ
恐	キョウ
恑	キ
恒	コウ
恔	キョウ コウ
恕	ジョ ショ
恖	シ サイ
恗	コ ク カ ケ
恙	ヨウ
恚	イ
恝	カイ カツ ケチ
恟	キョウ
恠	カイ ケ
恡	リン
恢	カイ ケ
恣	シ
恤	ジュツ シュツ
恥	チ
恧	ジク ニク ジョク ニョク
恨	コン
恩	オン
恪	カク
恫	ドウ トウ
恬	テン
恭	キョウ
息	ソク
恰	コウ カッ チョウ キョウ
恱	エツ エチ
恵	ケイ エ
恷	キュウ ク
恾	ボウ モウ
恿	ヨウ ユ トウ ツ
悁	エン ケン
悂	ヒ ヘイ
悃	コン
悄	ショウ
悆	ヨ ショ ソ
悈	カイ キョク コク カク
悉	シツ シチ
悊	テツ テチ
悋	リン
悌	テイ ダイ
悍	カン
悎	コウ コク カク キョウ
悑	フ ホ
悒	ユウ
悓	ケン
悔	カイ
悕	キ ケ
悖	ハイ ボツ
悗	バン マン
悘	イ エイ
悚	ショウ
悛	シュン セン
悝	カイ リ
悞	ゴ
悟	ゴ
悠	ユウ
悢	リョウ コウ
患	カン
悤	ソウ
悥	オク ヨク
悦	エツ
悧	リ
您	ジ ニ
悩	ノウ
悪	アク オ
悰	ソウ ズ
悱	ヒ
悲	ヒ
悳	トク
悴	スイ
悵	チョウ
悶	モン
悷	レイ ライ リ
悸	キ
悻	ケイ ギョウ コウ
悼	トウ
悽	セイ
悾	コウ ク
惂	カン コン
惄	デキ
情	ジョウ セイ
惆	チュウ
惇	シュン ジュン トン
惈	カ
惉	セン
惊	リョウ
惋	ワン
惎	キ
惏	ラン リン
惑	ワク
惓	ケン
惔	タン テン ネン エン
惕	テキ チャク
惘	ボウ モウ
惙	テツ テチ テイ
惚	コツ
惛	コン ビン ミン
惜	セキ
惝	ショウ トウ
惞	キン コン
惟	イ ユイ
惠	ケイ エ
惡	アク オ
惢	サ スイ ニ
惣	ソウ
惥	ヨウ
惧	ク
惨	サン ザン
惮	
惰	ダ
惱	ノウ
惲	ウン キン
想	ソウ ソ
惴	ズイ スイ
惵	チョウ ジョウ キョウ
惶	コウ
惷	シュン
惸	ケイ ギョウ
惹	ジャク ジャ
惺	セイ
惻	ソク ショク
惼	ヘン
惽	コン ビン
愀	シュウ ショウ
愁	シュウ
愂	ハイ ボツ
愃	ケン カン
愆	ケン
愇	イ
愈	ユ
愉	ユ
愊	ヒョク ヒキ フク
愌	カン
愍	ビン ミン
愎	フク ヒョク
意	イ
愐	ベン メン
愑	ヨウ ユ
愒	ケイ ケツ ケチ カイ
愓	トウ ショウ ヨウ
愔	イン アン オン
愕	ガク
愖	シン タン トン
愗	ボウ モ
愙	カク
愚	グ
愛	アイ
愜	キョウ
愞	ゼン ネン タ ナ
感	カン
愡	ソウ
愢	サイ シ
愧	キ
愨	カク
愪	ウン イン
愫	ソ
愬	ソ サク
愰	オウ コウ
愱	シツ シチ
愴	ソウ
愵	デキ ニャク
愶	キョウ コウ
愷	カイ
愹	ヨウ
愺	
愼	シン
愽	タン
愾	ガイ キ ケ キツ
愿	ゲン
慁	コン
慂	ヨウ
慄	リツ
慅	ソウ ショウ
慆	タク トウ
慇	イン
慈	ジ
慉	キク キン キョウ
慊	ケン キョウ
態	タイ
慌	コウ
慍	ウン オン
慎	シン
慓	ヒョウ
慕	ボ
慘	サン
慙	ザン
慚	ザン
慝	トク
慞	ショウ
慟	ドウ トウ
慠	ゴウ
慢	マン
慣	カン
慥	ゾウ
慧	ケイ エ
慨	ガイ
慫	ショウ
慬	キン コン
慮	リョ
慯	ショウ
慰	イ
慱	タン
慲	バン マン
慳	ケン カン
慴	シュウ ショウ
慵	ヨウ ショウ
慶	ケイ
慷	コウ
慸	テイ セイ タイ
慻	ケン
慼	セキ シャク シュク
慾	ヨク
慿	ヒョウ
憀	リョウ リュウ ル
憁	ソウ
憂	ユウ
憃	トウ ショウ シュ チョウ チュ
憄	チ
憇	ケイ
憊	ハイ ヘイ
憋	ヘツ ヘチ
憍	キョウ
憎	ゾウ
憐	レン
憑	ヒョウ
憒	カイ
憓	ケイ エ
憔	ショウ セウ ソウ
憖	ギン キン
憗	キン
憘	キ
憙	キ
憚	タン タ
憜	タ ダ
憝	タイ ズイ
憟	ショク ソク
憠	ケツ
憤	フン
憥	ロウ
憧	ショウ トウ ドウ
憨	カン
憩	ケイ
憪	カン ゲン
憫	ビン ミン
憬	ケイ
憭	リョウ
憮	ブ コ
憲	ケン
憶	オク
憸	セン ケン
憹	ドウ ヌ ニョウ ノウ
憺	タン
憼	ケイ キョウ コウ
憾	カン
懀	ワイ エ ワツ ワチ
懁	ケン カン
懂	トウ ツ
懃	キン ゴン
懆	ソウ
懇	コン
懈	ケ カイ
應	オウ ヨウ
懊	オウ
懋	ボウ
懌	エキ
懍	リン ラン
懎	ショク シキ
懏	シュン
懐	カイ エ
懕	エン ヨウ
懜	ボウ モウ ム
懝	ガイ ギ ギョク ゴキ
懞	ボウ ム
懟	ツイ ズイ タイ
懡	バ マ
懢	ラン カン ゲン
懣	マン モン
懥	チ
懦	ダ ジュ ゼン
懧	ダ ジュ ゼン
懩	ヨウ
懬	コウ
懭	コウ
懯	フ
懲	チョウ
懴	ザン サン
懵	
懶	ラン ライ
懷	カイ エ
懸	ケン ケ
懺	ザン サン
懼	ク
懽	カン
懾	ショウ
懿	イ
戀	レン
戁	ダン ネン ゼン
戃	トウ ショウ
戄	キャク ショウ
戇	トウ チュウ シュ コウ ク
戈	カ
戉	ジュウ エツ
戊	ボ ボウ
戌	ジュツ
戍	ジュ シュ
戎	ジュウ
成	セイ ジョウ
我	ガ
戒	カイ
戓	カ
戔	セン サン
戕	ショウ サン ソウ
或	ワク コク イキ
戚	ソク セキ
戛	カツ
戜	テツ デチ
戝	ザイ サイ ゾク
戞	カツ
戟	ゲキ
戠	ショク シキ シ
戡	カン チン
戢	シュウ
戣	キ
戦	セン
戧	ソウ ショウ
戩	セン
截	セツ サイ
戫	ヨク イキ
戮	リク リュウ ロク キョウ ク
戯	ギ ゲ
戰	セン
戲	ギ ゲ
戳	タク
戴	タイ
戸	コ
戹	アク セク
戻	レイ
戽	コ ク
戾	レイ ライ
房	ボウ
所	ショ
扁	ヘン
扂	テン
扃	ケイ キョウ ヘン
扄	ショウ
扆	イ エ
扇	セン
扈	コ
扉	ヒ
手	シュ ズ
扌	シュ
才	サイ
扎	サツ アツ
扐	ロク リョク リキ
扑	ボク ハク ホウ フ
扒	ハイ ハツ ハチ
打	ダ ダアス
扔	ジョウ ニョウ
払	フツ ヒツ ホツ
扖	
托	タク
扚	チョウ テキ チャク シャク
扛	コウ
扜	ウ ク
扞	カン
扠	サ
扡	
扣	コウ
扤	ゴツ ゴチ ゲツ ガチ
扨	サ
扭	ジュウ ニュ チュウ チュ
扮	フン ハン ヘン
扯	タ シャ
扱	ソウ キュウ
扳	ハン
扶	フ
批	ヒ
扺	シ テイ
扻	
扼	ヤク アク
扽	トン
找	ソウ
承	ショウ ジョウ
技	ギ
抂	キョウ ゴウ
抃	ベン
抄	ショウ
抅	
抉	ケツ
把	ハ ワ
抍	ショウ
抎	ウン イン
抏	ガン
抐	ドツ ナチ ドン ソン ドウ
抑	ヨク
抒	ジョ ショ
抓	ソウ
抔	ホウ ハイ
投	トウ
抖	ト トウ
抗	コウ
折	セツ
抙	
抛	ホウ
抜	バツ ハツ ハイ
択	タク
抦	ヘイ ヒョウ
抨	ホウ ヒョウ
披	ヒ
抬	タイ
抱	ホウ
抳	ジ ニ デイ ナイ
抵	テイ
抶	チツ チチ
抷	ヒ
抹	マツ
抺	バイ メ マイ
抻	シン チン
押	オウ
抽	チュウ
抾	キョ コ キョウ コウ
抿	ビン ミン
拂	ヒツ フツ ホツ
拄	チュ
担	タン
拆	タク セキ
拇	ボ
拈	ネン セン デン
拉	ラツ ラ ロウ
拊	フ
拌	ハン
拍	ハク ヒョウ
拎	レイ リョウ
拏	ダ ナ
拐	カイ
拑	カン ケン
拒	キョ ゴ
拓	タク
拔	バツ ハイ
拕	タ イ
拖	タ イ
拗	オウ ヨウ イク ユウ
拘	コウ
拙	セツ
拚	ヘン フン
招	ショウ
拜	ハイ
拝	ハイ
拠	キョ コ
拡	カク コウ
拪	セン イ
括	カツ
拭	ショク シキ
拮	カツ ケツ キツ
拯	ショウ ジョウ
拱	キョウ コウ
拲	キョウ ク キョク コク キク
拳	ケン ゲン
拴	セン
拵	ソン
拶	サツ
拷	ゴウ
拼	ホウ ヘイ ヒョウ
拽	エイ エツ エチ セイ
拾	シュウ ジュウ
拿	ダ ナ
持	ジ
挂	ケイ カイ ケ
挃	チツ ジチ テツ デチ
挄	カク コウ
指	シ
挈	ケイ ケツ
按	アン
挊	ロウ ル
挋	シン キン コン
挌	カク
挍	コウ キョウ
挐	ダ ジョ
挑	チョウ
挓	タ
挖	アツ アチ
挘	
挙	キョ
挟	キョウ ショウ
挧	ウ
挨	アイ
挩	タツ タチ セイ エイ
挪	ダ ナ
挫	ザ サ
挭	コウ キョウ
振	シン
挲	
挵	ロウ ル
挶	キョク コク
挹	ユウ オウ
挺	チョウ テイ
挻	
挼	ダ ナ ダイ ナイ
挽	バン
挾	キョウ ショウ
挿	ソウ
捁	カク コウ
捂	ゴ
捃	クン
捄	ク キュウ
捆	コン
捉	ソク サク
捊	ホウ フウ フ
捋	ラツ ラチ レツ レチ
捌	ハツ ハチ ベツ
捍	カン
捎	ソウ ショウ
捏	ネツ テツ ネチ
捐	エン
捒	ショウ シュ ソ ス ショク ソク
捓	ヨ ヤ
捔	カク サク
捕	ホ
捗	チョク ホ
捘	ソン シュン
捙	
捛	リョ
捜	ソウ シュ シュウ
捥	ワン ウツ ウチ
捦	キン ゴン
捧	ホウ
捨	シャ
捩	レイ レツ
捫	モン
捬	フ ホウ
捭	ハイ ハ ヘイ
据	キョ
捱	ガイ ゲ
捲	ケン
捴	フン ソウ
捵	テン チン ネン
捶	スイ
捷	ショウ ソウ
捸	トツ トチ
捺	ナツ ダツ
捻	ネン ジョウ
捼	ダ ナ ダイ ナイ
捽	ソツ ソチ チュツ ジュチ サイ スイ
捿	セイ
掀	キン ケン
掂	テン
掃	ソウ シュ
掄	ロン リン
掇	タツ タチ テツ テチ セツ セチ
授	ジュ
掉	トウ チョウ
掊	ホウ ブ フウ
掌	ショウ
掎	キ
掏	トウ
掐	コウ キョウ
排	ハイ
掔	カン ケン
掕	リョウ
掖	エキ
掘	クツ
掙	ソウ ショウ
掚	リョウ
掛	カイ ケイ
掞	エン セン
掟	トウ チョウ ジョウ テイ
掠	リャク リョウ
採	サイ
探	タン
掣	セイ セツ
掤	ヒョウ
接	セツ ショウ
掦	テキ チャク
控	コウ
推	スイ
掩	エン
措	ソ
掫	ソウ シュウ
掬	キク コク
掭	テン
掮	ケン
掯	コウ
掲	ケイ
掴	カク
掵	ハバ
掻	ソウ
掽	ホウ ヒョウ
掾	エン テン
揀	カン ケン
揁	テイ チョウ コウ キョウ
揃	セン
揄	ヨウ ユウ ユ
揅	ケン
揆	キ
揈	コウ ケン キク
揉	ジュウ
揎	セン
描	ビョウ
提	テイ チョウ ダイ
揑	ゲツ ゲチ ネツ
插	ソウ
揓	シ
揔	ソウ ス
揕	チン
揖	イツ ユ シュウ ユウ
揚	ヨウ
換	カン
揜	エン アン オン
揠	サツ アツ
握	アク
揣	シ スイ タン
揥	テイ タイ テキ チャク
揩	カイ カツ
揪	シュウ シュ
揫	
揬	トツ ドチ
揭	ケイ ケツ
揮	キ
揲	セツ ゼチ チョウ ジョウ
揳	セツ セチ ケツ ケチ カツ
援	エン
揵	ケン ゴン
揶	ヤ
揷	ソウ
揸	サ
揹	ハイ
揺	ヨウ
搆	コウ
搉	カク
搊	シュウ シュ ス
損	ソン
搏	ハク
搐	チク
搒	ホウ ヒョウ
搓	サ サイ
搔	ソウ
搖	ヨウ
搗	トウ
搘	シ
搜	ソウ シュ シュウ
搞	コウ キョウ
搠	サク
搢	シン セン セイ サイ
搤	アク セク エツ エチ
搥	タイ ツイ ズイ
搦	ジャク ジョク ダク ニャク
搨	トウ
搩	ケツ ゲチ タク チャク
搪	トウ
搬	ハン
搭	トウ
搯	トウ
搰	コツ
搴	ケン
搵	オン
搶	ソウ ショウ
携	ケイ
搽	タ
搾	サク
搿	カク
摂	セツ ショウ
摋	サツ サチ セツ セチ
摎	ク キュウ
摏	ショウ シュ
摑	カク
摒	ヘイ ヒョウ
摓	ホウ ブ フウ
摔	シュツ シュチ
摘	テキ
摚	トウ チョウ
摛	チ リ
摜	カン
摝	ロク ロウ ル
摟	ロウ ル
摠	ソウ
摡	カイ キ ケ
摣	サ シャ ダ ナ サイ セ
摧	サイ サ
摩	マ
摭	セキ シャク
摯	シ
摳	コウ ク オウ ウ
摴	チョ チ
摶	タン セン
摸	モ モウ バク ボ マク
摹	
摺	ショウ シュウ ロウ
摻	サン セン シン
摽	ヒョウ ホウ
撃	ゲキ
撅	ケツ カチ ケイ ケ
撇	ヘツ ヘチ ヘイ
撈	ロウ リョウ
撏	サン シン
撐	チョウ トウ
撑	チョウ トウ
撒	サン サツ
撓	トウ キョウ コウ ジョウ
撕	セイ シ
撘	トウ
撙	ソン
撚	ネン
撛	リン
撝	キ イ
撞	ドウ トウ シュ
撟	キョウ コウ
撡	ソウ サン
撣	タン セン
撤	テツ
撥	ハツ バチ
撦	シャ
撨	ショウ ソウ ス
撩	リョウ ロウ
撫	ブ フ
撬	キョウ
播	ハ バン ハン
撮	サツ
撰	サン セン
撲	ボク
撳	キン
撹	カク コウ
撻	タツ
撼	カン
撽	コウ キョウ ケキ キャク
撾	タ テ カ
撿	レン ケン
擁	ヨウ
擂	ライ
擄	リョ ロ
擅	セン
擇	タク
擉	サク タク ショク ゾク
擊	ゲキ
擋	トウ
擌	サク チャク
操	ソウ サン
擎	ケイ ギョウ
擐	カン ケン セン
擑	セツ ショウ
擒	キン
擔	タン
擕	ケイ
擗	ヘキ ヒャク ハク
擘	ハク ヒャク ヘキ
據	キョ コ
擠	セイ サイ
擡	タイ
擢	テキ タク
擣	トウ
擤	コウ キョウ
擥	ラン
擦	サツ
擧	キョ
擩	ジュ ニュ ズイ ニ
擪	ヨウ チョウ ジョウ ニョウ オウ エン
擬	ギ
擭	キョ ワク
擯	ヒン
擰	ドウ ニョウ
擱	カク
擲	テキ チャク ジャク
擴	カク コウ
擵	マ
擶	セン
擷	ケツ
擺	ハイ
擻	ソウ ス
擽	リャク ラク レキ フキ
擾	ジョウ
擿	テキ ジャク チャク
攀	ハン
攁	ヨウ
攄	チョ
攅	サン
攈	クン キン ヒ
攉	カク
攊	リャク ラク レキ
攏	ロウ ル
攓	ケン
攔	ラン
攖	エイ ヨウ
攘	ジョウ
攙	セン シン サン
攛	サン
攜	ケイ
攝	セツ ショウ
攞	ラ
攟	クン キン ヒ
攢	サン
攣	レン
攤	タン
攦	レイ ライ シ リ
攩	トウ コウ オウ
攪	カク コウ
攫	カク
攬	ラン
攮	ドウ ヌ
支	シ
攱	キ
攲	
攴	ホク
攵	ホク
收	シュウ
攷	コウ
攸	ユウ
改	カイ
攺	イ シ
攻	コウ
攼	カン
攽	ハン ヒン
放	ホウ
政	セイ ショウ
敃	ビン ミン フン
敄	
故	コ
敇	サク シャク
效	コウ
敉	ミ ヒ
敍	ジョ
敏	ビン
敐	シン ジン
救	キュウ
敒	チン シン ショウ
敔	ギョ ゴ
敕	チョク
敖	ゴウ
敗	ハイ
敘	ジョ
教	キョウ
敝	ヘイ
敞	ショウ
敟	テン
敠	タツ タチ セツ セチ
敢	カン
散	サン
敦	トン タイ ダン チョウ
敧	キ
敫	セク キョウ ケキ キャク ヤク
敬	ケイ キョウ
数	スウ ス サク ソク シュ
敲	コウ
整	セイ
敵	テキ
敷	フ
數	スウ ス サク ソク シュ
敺	ク
敽	キョウ
斁	エキ セク ト ズ
斂	レン
斃	ヘイ
斄	
斅	ガク
文	ブン モン
斈	ガク
斉	セイ サイ
斊	セイ サイ
斌	ヒン フン
斎	サイ
斐	ヒ イ
斑	ハン
斒	ハン ヘン
斕	ラン レン
斗	ト トウ
斘	ショク ショウ
料	リョウ
斛	コク
斜	シャ
斝	カ ケ
斟	シン
斠	カク コウ キョウ
斡	アツ カン ワツ
斣	シュク トウ ツ ショク ソク
斤	キン
斥	セキ
斦	ギン ゴン シツ シチ
斧	フ
斫	シャク
斬	ザン サン セン ゼン
断	ダン
斮	サク シャク
斯	シ
新	シン
斲	キュウ タク
斳	キン コン
斴	リン
斵	
斷	ダン
斸	
方	ホウ
於	オ ヨ
施	シ セ
斿	ヨウ ヨ リュウ ル ユウ
旁	ボウ ホウ
旂	キ ゲ
旃	セン
旄	ボウ モウ
旅	リョ
旆	ハイ
旈	リュウ
旉	フ
旋	セン
旌	セイ ショウ
旎	ジ ニ ダ
族	ゾク
旐	チョウ ジョウ
旒	リュウ
旔	ケン コン
旖	イ
旗	キ
旘	シ
旙	ヘン ハン
旛	ヘン ハン
旟	ヨ
无	ブ ム
旡	キ ケ
既	キ
日	ニチ ジツ
旦	タン ダン
旧	キュウ
旨	シ
早	ソウ サッ
旬	ジュン シュン
旭	キョク
旰	カン
旱	カン
旲	タイ エイ
旴	ク
旵	タン テン
旹	ジ
旺	オウ キョウ ゴウ
旻	ビン ミン
旼	
旾	シュン
旿	ゴ
昀	イン
昂	コウ ゴウ
昃	ショク ソク
昄	ハン ヘン
昆	コン
昇	ショウ
昈	コ
昉	ホウ
昊	コウ
昌	ショウ
昍	ケン カン
明	メイ ミョウ ミン
昏	コン
昑	キン
昒	コツ コチ ブツ モチ
易	エキ イ
昔	セキ シャク
昕	キン コン キ
昖	エン
昜	ヨウ
昝	サン
昞	ヘイ ヒョウ ホウ
星	セイ ショウ
映	エイ
昡	ケン
昢	ホツ ハチ ハイ
昣	シン
昤	レイ リョウ
春	シュン
昦	コウ
昧	マイ バイ
昨	サク
昩	バツ マチ
昪	ヘン
昫	ク キョウ
昬	コン
昭	ショウ
昮	ショウ ジュ
是	ゼ シ
昰	ゼ シ
昱	イク
昳	テツ デチ イツ
昴	コウ ボウ
昵	ジツ ショク
昶	チョウ
昷	オン
昹	アイ
昺	
昼	チュウ
昿	コウ
晀	チョウ
晁	チョウ
時	ジ
晃	コウ
晄	コウ
晅	ケン カン
晆	カイ
晈	
晉	シン
晊	シツ シチ
晋	シン
晌	ショウ
晎	コウ ク
晏	アン
晑	キョウ コウ
晒	サイ シ
晗	カン ゴン
晘	カン ゲン
晙	シュン
晚	バン
晛	ケン デン ネン
晜	コン
晝	チュウ
晞	キ
晟	セイ ジョウ
晠	セイ ジョウ
晡	ホ フ
晢	セイ セツ
晣	
晤	ゴ
晥	
晦	カイ
晧	コウ
晨	シン
晩	バン
晪	テン
晫	タク
晬	サイ スイ
晭	
普	フ
景	ケイ
晰	シャク セキ
晳	セキ シャク
晴	セイ
晵	ケイ ケン
晶	ショウ
晷	キ
晸	テイ チョウ
晹	エキ セク セキ シャク
智	チ
晻	アン オン エン
晼	エン オン
晾	リョウ
晿	ショウ
暀	オウ キョウ ゴウ
暁	ギョウ キョウ
暃	ヒ
暄	ケン
暇	カ
暈	ウン
暉	キ
暋	ビン コン
暌	ケイ ケ
暍	エツ オチ アツ アチ
暎	エイ ヨウ
暐	イ
暑	ショ
暒	セイ
暖	ダン ノン
暗	アン
暘	ヨウ
暙	シュン
暚	ヨウ
暛	サ
暜	フ
暝	メイ ミョウ
暟	カイ
暠	コウ
暢	チョウ
暤	コウ
暦	レキ
暫	ザン
暭	コウ
暮	ボ
暱	ジツ ニチ
暲	ショウ
暴	ボウ バク
暵	カン
暸	リョウ
暹	セン
暻	ケイ キョウ
暼	ヘツ ヘチ
暾	トン
暿	キ
曀	エイ イ
曁	キ
曂	コウ オウ
曃	タイ
曄	ヨウ
曆	レキ
曇	ドン
曈	トウ ツ
曉	キョウ ギョウ
曌	ショウ
曎	エキ ヤク
曏	キョウ コウ ショウ
曔	ケイ ギョウ
曖	アイ
曙	ショ
曚	モウ ボウ
曛	クン
曜	ヨウ
曝	バク ホク ボク
曟	シン
曠	コウ
曦	ギ キ
曨	ロウ ル
曩	ノウ ドウ
曫	ラン バン マン レン
曬	サイ シ
曮	ガン ゴン ゲン
曰	エツ
曲	キョク
曳	エイ
更	コウ
曵	エイ
曷	カツ
書	ショ
曹	ソウ ゾウ
曺	ソウ
曻	ショウ
曼	マン バン
曽	ソウ ソ ゾウ
曾	ソウ ソ ゾウ
替	タイ
最	サイ シュ
朁	
會	カイ エ
朅	ケツ ケチ コチ
朇	ヒ
月	ゲツ ガツ
有	ユウ ウ
朋	ホウ
服	フク
朎	レイ リョウ
朏	ヒ ハイ
朒	ニク ジク
朓	チョウ
朔	サク
朕	チン
朖	ロウ
朗	ロウ
朙	メイ ミョウ ミン
望	ボウ モウ
朜	トン
朝	チョウ
朞	キ ゴ
期	キ ゴ
朠	エイ ヨウ
朢	ボウ モウ
朦	モウ ボウ
朧	ロウ
木	ボク モク
未	ミ ビ
末	マツ バツ
本	ホン
札	サツ
朮	ジュツ シュツ チュツ
朱	シュ
朳	ハツ ハチ
朴	ボク
朶	ダ タ
朷	トウ
朸	リョク
机	キ
朽	キュウ
朾	トウ ジョウ テイ チョウ
朿	シ
杁	
杅	ウ
杆	カン
杇	オ ウ コ
杈	サ シャ サイ
杉	サン
杌	ゴツ ゴチ グツ グチ
杍	
李	リ
杏	キョウ アン コウ
材	ザイ
村	ソン
杓	シャク チョウ テキ ヒョウ
杔	タク チャク
杕	テイ ダイ タ
杖	ジョウ
杙	ヨク
杜	ト トウ ズ
杝	チ シ イ
杞	コ キ
束	ソク
杠	コウ
条	ジョウ チョウ デキ
杢	
杣	
杤	
来	ライ タイ
杦	
杪	ビョウ ショウ
杬	ゲン ガン
杭	コウ
杮	ハイ
杯	ハイ
杰	ケツ ゲチ
東	トウ
杲	コウ
杳	ヨウ
杴	ケン コン
杵	ショ ソ
杶	チュン
杷	ハ
杻	チュウ チュ シュウ ニュ
杼	チョ ショ
松	ショウ
板	ハン バン
极	キョウ ゴウ
构	コウ
枅	ケイ
枇	ビ ヒ
枉	オウ
枋	ホウ ヘイ
枌	ショウ フン
枎	フ
枏	ナン ダン ゼン ネン
析	セキ
枑	コ
枒	
枓	シュ トウ ツ
枕	チン シン
枖	ヨウ
林	リン
枘	ゼイ ネイ ドン ノン
枙	ガ アク ヤク
枚	マイ バイ
枛	ソウ ショウ
果	カ
枝	シ
枠	
枡	
枢	スウ シュ
枦	ロ
枩	ショウ
枯	コ
枰	ヘイ ビョウ
枱	イ シ
枲	シ
枳	キ シ
枴	カイ
枵	キョウ
架	カ
枷	カ
枸	ク コウ
枹	フ ホウ
枻	エイ セツ セチ
枼	ヨウ
枽	ソウ ヨウ
柀	ヒ
柁	ダ タ
柂	イ リ タ
柃	レイ リョウ
柄	ヘイ
柅	ジ ニ
柆	ロウ
柈	ハン
柉	ハン ボン ヘン
柊	シュ シュウ
柎	フ
柏	ハク ヒャク ビャク
某	ボウ
柑	コン カン
柒	シツ シチ
染	セン
柔	ジュウ ニュウ
柗	ショウ
柘	シャ ジャク
柙	コウ オウ ヨウ
柚	ユ ユウ ジク
柛	
柜	キョ コ ク
柝	タク
柞	サク
柡	エイ ヨウ
柢	テイ
柤	サ
柦	タン
柧	コ カ
柩	キュウ グ
柬	カン ケン
柮	トツ
柯	カ
柰	ナ ナイ ダイ
柱	チュウ
柲	ヒ ヒツ ビチ
柳	リュウ
柴	サイ シ
柵	サク サン
柶	シ
柷	シュク
柹	シ
査	サ
柼	
柾	
柿	シ
栁	
栂	
栃	
栄	エイ ヨウ
栐	
栓	セン
栔	ケイ ケツ ケチ
栖	セイ
栗	リツ リ
栘	
栙	コウ
栝	テン カツ カチ
栞	カン
栟	ヘイ ヒュウ ヒン
校	コウ キョウ
栢	ハク ヒャク
栧	エイ セツ セチ
栨	セツ セチ シ
栩	ク
株	シュ
栫	セン ソン
栬	セイ セ
栭	ジ ニ
栯	イク ヨウ ウ
栰	ハツ ボチ
栱	キョウ ク
栲	コウ
栳	コウ ロウ
栴	セイ セン
核	カク
根	コン
栻	チョク チキ ショク シキ
格	カク コウ キャク ゴウ
栽	サイ
栾	
栿	フク
桀	ケツ
桁	コウ
桂	ケイ
桃	トウ
桄	コウ
桅	ガイ キ
框	キョウ
案	アン
桉	
桊	ケン
桌	タク
桍	コ
桎	シツ
桐	トウ ドウ
桑	ソウ
桒	ソウ
桓	カン
桔	キツ ケツ
桕	キュウ
桗	タ ネ
桘	ツイ スイ
桙	ウ
桛	カセ
桜	オウ ヨウ
桝	
桟	サン セン
档	トウ
桧	カイ
桫	サ
桮	ハイ
桯	テイ チョウ ケイ ギョウ
桰	カツ カチ
桱	ケイ キョウ
桲	ホツ ボチ
桴	フ
桵	ズイ ニ
桶	ヨウ トウ
桷	カク
桹	ロウ
桺	リュウ
桻	ホウ フ
桼	シツ
桾	クン
桿	カン
梁	リョウ
梂	キュウ グ キョク コク
梃	チョウ テイ
梄	ヨウ ユ
梅	バイ
梆	ホウ
梈	ホウ ヒョウ
梍	ユウ
梏	コク カク
梐	
梓	シ
梔	シ
梖	ハイ バイ
梗	コウ キョウ
梘	ケン カン
梙	
梚	バン マン
梛	ダ ナ
梜	キョウ コウ
條	ジョウ チョウ デキ
梟	キョウ
梠	ロ リョ
梡	カン コン
梢	ショウ
梣	シン
梥	ショウ
梦	ム ボウ
梧	ゴ
梨	リ
梩	リ シ
梪	トウ ズ
梫	
梭	サ
梮	キク コク キョク
梯	テイ タイ
械	カイ
梱	コン
梲	セツ セチ タツ タチ
梳	ソ
梴	
梵	ボン フウ
梶	ビ
梹	ヒン
梺	
梻	
梼	トウ
棃	
棄	キ
棅	ヘイ ヒョウ
棆	リン
棈	セン セイ ショウ
棉	メン
棊	キ
棋	キ
棌	サイ
棍	コン
棏	トク タク チャク
棐	ヒ
棑	ハイ ヒ
棒	ボウ
棓	ホウ
棔	コン
棕	シュ ソウ
棖	トウ ジョウ
棗	ソウ
棘	キョク
棙	レイ ライ レツ レチ
棚	ホウ
棜	ヨ オ
棝	コ ク
棟	トウ
棠	トウ
棡	コウ
棣	テイ タイ
棤	
棥	ハン ボン
棧	サン セン
棨	ケイ ケン
棪	エン セン
棫	ヨク イキ イク
棬	ケン カン
棭	エキ ヨク
森	シン
棯	ネン
棰	ソイ タ スイ
棱	ロウ リョウ チョウ
棲	セイ
棵	カン カ
棶	ライ
棷	
棹	トウ タク
棺	カン
棻	フン
棼	フン
棽	チン シン リン
椀	ワン
椁	カク
椃	
椄	セツ ショウ
椅	イ
椆	チュウ シュウ シュ
椇	
椈	キク
椉	ショウ
椊	ソツ サツ スイ
椋	リョウ
椌	コウ
植	ショク
椎	ツイ スイ
椏	
椐	キョ コ
椑	ヘイ バイ
椒	ショウ
椓	タク
椖	ホウ
椗	テイ
椙	
椚	
椛	
検	ケン
椡	
椢	カイ
椣	
椥	
椦	ケン
椨	
椪	ポン
椰	ヤ
椱	フウ ブ フク
椳	ワイ ガイ
椴	タン ダン トド
椵	カ ケ
椶	シュ ソウ
椸	イ
椹	ジン チン シン
椻	エン
椽	テン
椿	チン チュン
楂	サ ジャ
楅	ヒュク ヒキ フク ヒョク
楆	
楉	ジャク ニャク
楊	ヨウ
楎	コン キ クン
楓	フウ
楔	ケツ セツ
楕	ダ タ
楗	ケン ゴン
楙	ボウ
楚	ソ ショ
楛	コ
楜	コ
楝	レン
楞	リョウ ロウ
楠	ナン ダン ゼン ネン
楡	ユ
楢	シュウ ユウ
楣	ビ ミ
楤	ソウ
楥	ケン カン エン
楦	ケン
楨	テイ チョウ
楩	ヘン
楪	チャ
楫	シュウ ショウ
楬	ケツ ゲチ
業	ギョウ ゴウ
楮	チョ
楯	ジュン
楰	ユ ギョ ゴ
楱	ソウ ス
楲	イ
楳	バイ
楴	テイ
極	キョク ゴク
楷	カイ
楸	シュウ
楹	エイ
楺	ジョウ ジュウ ニュ
楻	コウ オウ
楼	ロウ
楽	ガク ラク ゴウ
楾	
楿	
榀	
榁	
概	ガイ
榊	
榍	セツ
榎	カ
榑	フ
榒	ダク ドク ニャク
榔	ロウ
榕	ヨウ
榖	コク コウ ク
榘	ク
榛	シン ハン
榜	ボウ ホウ
榠	ベイ
榡	ソ
榥	コウ オウ
榦	カン
榧	ヒ
榨	サ シャ サイ サク
榫	シュン
榭	シャ
榮	エイ ヨウ
榯	シ
榰	
榱	スイ
榲	オツ
榴	ル リュウ リョウ
榷	カク コウ キョウ
榸	タイ
榺	ショウ
榻	トウ
榼	コウ
榾	コツ
榿	ガイ カイ
槀	
槁	コウ
槃	ハン
槅	カク キャク
槇	テン シン
槈	ドウ ジョク ヌ ジュク
槊	サク
構	コウ
槌	ツイ
槍	ソウ ショウ
槎	サ
槏	
槐	カイ
槑	バイ
槓	コウ
槖	タク
槗	キョウ
様	ヨウ ショウ
槙	テン シン
槝	
槞	ロウ
槢	シュウ チョウ ジョウ
槣	
槥	エイ エ セイ
槧	ザン セン サン
槨	カク
槩	
槪	ガイ カイ
槫	タン セン
槭	セキ シュク
槮	シン サン セン
槯	サイ セ
槱	ユウ ユ
槲	コク
槳	ショウ ソウ
槴	
槵	カン
槶	
槹	コウ
槻	キ
槽	ソウ
槾	バン マン
槿	キン
樀	テキ チャク タク
樁	トウ ショウ シュ
樂	ガク ラク ゴウ
樃	ロウ
樅	ショウ
樊	ハン
樋	トウ
樌	カン
樏	ルイ ル
樑	リョウ
樒	ミツ
樓	ロウ
樔	ソウ
樕	ソク
樗	チョ
標	ヒョウ
樚	ロク トク
樛	キュウ
樝	サ シャ
樞	スウ シュ
樟	ショウ
樠	ボン モン バン マン
模	モ ボ
樢	ト チョウ
樣	ヨウ ショウ
樤	ジョウ
樨	セイ サイ
権	ケン ゴン
横	オウ
樫	
樮	
樰	
樲	ジ ニ チ
樳	
樴	ショク シキ
樵	ショウ
樶	サイ
樷	ソウ ス
樸	ボク ハク ホク
樹	ジュ
樺	カ
樻	キ
樽	ソン
樾	エツ オチ
樿	セン
橄	カン
橅	ボ モ
橆	ブ ム
橇	キョウ ゼイ セイ
橈	ドウ ジョウ ニョウ
橉	リン
橊	ル リュウ リョウ
橋	キョウ
橎	ハン ボン
橐	タク シャ
橑	ロウ
橒	ウン
橕	トウ チョウ
橖	トウ チョウ
橘	キツ
橙	トウ
橛	ケツ カチ ケイ ケ
機	キ
橡	ショウ ゾウ
橢	ダ
橤	ズイ ニ
橦	シュ ショウ トウ
橧	ソウ ショウ
橪	ゼン ネン エン
橫	オウ コウ
橱	シュウ ズ チュ チュウ
橲	キ
橳	クデ
橸	
橺	
橾	シュ ソウ ス
橿	キョウ
檀	ダン タン
檁	リン
檃	イン オン
檄	ケキ
檆	サン
檇	スイ サイ
檉	テイ チョウ
檋	キョク コク キョウ
檍	オク
檎	キン ゴン ゴ
檐	エン タン
檑	ライ
檔	
檗	ハク ビャク
檛	タ テ
檜	カイ
檝	シュウ ショウ
檞	カイ ゲ
檟	カ ケ
檠	ケイ
檡	
檢	ケン
檣	ショウ
檥	ギ ガ
檪	レキ ヤク ロウ
檫	サツ
檬	モウ
檮	トウ
檯	タイ
檰	ヘン メン
檱	キ
檳	ビン ヒン
檴	カク ワク
檸	ネイ ドウ
檻	カン
檽	ジ ニ ゼン ネン ジュ ニュ
檾	ケイ キョウ
檿	エン
櫁	ミツ
櫂	トウ タク
櫃	キ
櫆	カイ
櫈	トウ
櫉	チュ
櫌	ユウ ウ
櫐	ルイ ライ
櫑	ライ
櫓	ロ
櫔	レイ
櫕	サン
櫖	リョ ロ
櫚	ロ リョ
櫛	シツ
櫜	コウ
櫝	トク
櫞	エン
櫟	レキ ヤク ロウ
櫤	セン
櫧	ショ ソ
櫨	ロ
櫪	レキ
櫬	シン カン
櫰	カイ エ
櫱	ゲツ ゲチ ガツ ガチ
櫲	ヨ
櫳	
櫺	レイ リョウ
櫻	オウ ヨウ
櫼	セン シン サン
櫽	イン オン
欂	ハク ヘキ ビャク
欃	サン セン
欄	ラン
欅	キョ
欆	ソウ
欇	ショウ
欉	ソウ ス
權	ケン ゴン
欋	
欏	ラ
欐	レイ ライ リ
欑	サン
欒	ラン
欖	ラン
欗	ラン
欛	ハ ヘ
欝	ウツ ウン
欞	レイ リョウ
欟	
欠	ケツ ケン
次	ジ シ
欣	キン ゴン コン
欤	ヨ
欧	オウ
欨	ク
欫	ケキ キャク
欬	カイ キ
欯	キツ キチ カイ
欲	ヨク
欵	カン
欶	サク シュク スク
欷	キ
欸	アイ カイ
欹	イ キ
欺	ギ
欻	クツ クチ
欽	キン コン
款	カン
欿	タン トン カン コン
歃	ソウ コウ ショウ
歆	キン コン
歇	ケツ カイ カツ
歉	ケン カン
歊	キョウ コク カク
歌	カ
歍	オ ウ オウ
歎	タン
歐	オウ
歒	テキ チャク
歓	カン
歔	キョ
歖	キ イ
歘	クツ クチ
歙	キュウ キョウ ショウ
歛	レン
歝	エキ ヤク ト ズ
歟	ヨ
歠	セツ セチ
歡	カン
止	シ
正	セイ ショウ
此	シ
步	ホ ブ フ
武	ブ ム
歧	キ
歩	ホ ブ フ
歪	ワイ エ
歫	キョ ゴ
歬	
歮	シュウ
歯	シ
歰	シュウ ソウ
歳	サイ セイ
歴	レキ レッキ
歵	サク ジャク
歷	
歸	キ
歹	ガツ ガチ タイ
歺	
死	シ
歽	セツ セチ
歾	ボツ
歿	ボツ
殀	ヨウ
殁	ボツ モチ
殂	ソ
殃	オウ ヨウ
殄	テン
殅	ソウ ショウ
殆	タイ サイ
殉	ジュン
殊	シュ
残	ザン サン
殍	ヒョウ フ
殕	フ
殖	ショク
殗	ヨウ オウ エン
殘	ザン
殛	キョク コク
殞	イン ウン
殟	オツ オチ オン ラツ
殠	シュウ シュ キュウ ク
殢	テイ タイ ケイ
殣	キン
殤	ショウ
殨	カイ エ コツ ゴチ
殩	サン
殪	エイ
殫	タン
殬	ト ツ
殭	キョウ コウ
殮	レン
殯	ヒン
殰	トク
殱	セン
殲	セン
殳	シュ
殴	オウ
段	ダン タン
殷	イン アン
殸	ケイ キョウ コウ セイ ショウ
殹	エイ
殺	サツ サイ セツ
殻	カク コク バイ
殼	カク コク バイ
殽	コウ ギョウ
殾	シュン
殿	デン テン
毀	キ
毃	カク キョウ
毄	ケキ キュク ケイ ギキ
毅	キ ギ
毆	オウ ク
毇	
毈	
毉	イ エイ
毋	ブ ム
毌	カン
母	ボ
毎	マイ
每	マイ バイ
毒	ドク
毓	イク
比	ヒ
毖	ヒ
毗	
毘	ヒ ビ
毚	サン ゼン
毛	モウ
毟	
毡	セン
毣	ボク モク バク マク
毦	ジ ニ
毧	ジュウ ニュ シュ
毫	ゴウ コウ
毬	キュウ
毮	
毯	タン
毱	
毳	ゼイ セイ セツ
毷	ボウ モウ
毹	ユ ス シュ
毿	サン
氂	リ ボウ モウ ライ
氄	ジョク ジュウ ニュ
氅	ショウ
氈	セン
氉	ソウ
氊	
氍	ク キョ ゴ
氎	チョウ ジョウ
氏	シ
氐	テイ タイ シ チ
民	ミン
氒	ケツ カチ
氓	ボウ
气	キ ケ
気	キ ケ
氙	セン
氛	フン
氟	フツ
氣	キ ケ
氤	イン
氦	ガイ
氧	ヨウ
氨	アン
氬	ア
氮	タン
氳	ウン
水	スイ
氵	
氶	ショウ
氷	ヒョウ
永	エイ
氺	スイ
氻	ロク
氾	ハン
氿	キ キュウ グ
汀	テイ
汁	ジュウ
求	キュウ グ
汊	サ シャ
汋	サク シャク
汍	カン
汎	ハン ブ フウ ホウ ホン
汏	タイ ダイ タツ タチ
汐	セキ
汒	ボウ モウ
汔	キツ コチ
汕	サン
汗	カン
汙	オ
汚	オ
汛	シン サン シャ
汜	シ イ
汝	ジョ
汞	コウ
江	コウ
池	チ
汢	
汧	ケン ケイ キョウ
汨	コツ イツ ベキ
汪	オウ
汫	ケイ キョウ セイ ジョウ
汭	ゼイ ネイ ゼツ ネチ
汯	コウ オウ
汰	タ タイ
汲	キュウ
汳	ヘン ベン
汴	ヘン
汶	ブン モン
汸	ホウ
汹	キョウ
決	ケツ
汻	コ
汽	キ
汾	フン
沁	シン
沂	ギ キ ギン
沃	ヨウ ヨク オク
沄	
沅	ゲン
沆	コウ
沇	エン イ
沈	チン ジン
沉	チン ジン
沌	トン
沍	ゴ コ
沐	モク
沒	ボツ モツ
沓	トウ
沔	ベン メン ビン ミン
沕	ブツ モチ コツ コチ
沖	チュウ
沗	テン
沘	ヒ
沙	サ シャ
沚	シ
沛	ハイ
沜	ハン
沟	コウ ク
没	ボツ モツ
沢	タク
沪	
沫	マツ バツ
沭	
沮	ソ ショ
沰	タク
沱	タ ダ
沲	タ
河	カ
沴	レイ ライ テン
沸	フツ
油	ユ ユウ
沺	デン
治	ジ チ
沼	ショウ
沽	コ
沾	セン チョウ テン
沿	エン
況	キョウ
泂	ケイ ギョウ
泄	セツ エイ
泅	シュウ
泆	イツ イチ テツ デチ
泉	セン
泊	ハク
泌	ヒツ ヒ
泍	ホン
泏	チュツ コツ コチ
泐	リョク
泑	ユウ ユ
泒	コ ク
泓	オウ
泔	カン ゴン
法	ホウ ハッ ホッ フラン
泖	ボウ ミョウ リュウ ラ
泗	シ
泙	ホウ
泚	セイ サイ シ
泛	ハン ホウ
泜	テイ タイ シ
泝	ソ
泠	レイ リョウ レン
泡	ホウ
波	ハ
泣	キュウ
泥	デイ ナイ デ ニ
泧	エツ オチ ケツ カチ
注	チュウ
泩	ソウ ショウ
泪	ルイ レイ
泫	ケン ゲン
泬	ケツ ケチ
泭	
泮	ハン
泯	ビン ベン ミン メン
泰	タイ
泱	オウ
泲	セイ サイ
泳	エイ
泴	カン
泻	
洀	
洄	カイ
洇	イン エツ エチ
洊	セン ソン
洋	ヨウ
洌	レツ レイ
洎	キ
洏	ジ ニ
洑	フク
洒	シャ ソン サイ セン セイ
洓	サク シャク セキ シ
洗	セン
洙	シュ
洚	コウ グ
洛	ラク
洞	ドウ
洟	イ テイ
洤	
津	シン
洦	ミャク ハク ヒャク
洧	イ
洨	コウ キョウ
洩	エイ セツ
洪	コウ
洫	キョク
洮	トウ ヨウ
洯	ケツ
洱	ジ ニ
洲	シュウ ス
洳	ジュ
洴	
洵	ジュン シュン
洶	キョウ
洸	コウ
洹	エン オン カン
活	カツ
洼	アイ エ ワイ ワ
洽	コウ
派	ハ
洿	オ ウ コ
流	リュウ ル
浄	ジョウ セイ
浅	セン
浗	キュウ グ
浘	
浙	セツ
浚	シュン
浛	
浜	ヒン
浞	サク
浟	ユウ ウ ユ テキ チャク
浠	
浡	ホツ ボチ
浣	カン
浤	コウ
浥	ユウ オウ ヨウ
浦	ホ
浧	テイ チョウ エイ ヨウ
浩	コウ
浪	ロウ
浬	リ
浮	フ
浯	ゴ
浰	レン リ レイ ライ
浴	ヨク
海	カイ
浸	シン
浹	ショウ
浼	バイ マイ バン マン
涀	
涁	
涂	ト ズ チョ ジョ
涅	ネツ デツ
涇	ケイ テイ キョウ
消	ショウ
涉	ショウ
涊	
涌	ユウ ヨウ ユ
涍	
涎	セン エン
涑	ソウ ス シュウ シュ
涒	トン イン キン
涓	ケン
涔	サン シン セン
涕	テイ
涖	レイ ライ リ
涗	セイ セツ セチ
涘	シ
涙	ルイ レイ
涛	トウ
涜	トク トウ
涪	フウ ブ ホウ
涫	
涬	ケイ ギョウ
涮	
涯	ガイ
液	エキ
涴	エン オン カ ワ
涵	カン
涷	トウ ツ
涸	コ カク
涹	ワ ダイ ネ イ
涼	リョウ
涽	コン
涿	トク タク
淀	テン デン
淂	
淄	シ
淅	セキ
淆	コウ
淇	キ
淈	コツ コチ
淊	カン ゴン エン アン
淋	リン
淌	トウ
淎	ホウ ホ フ
淏	コウ
淐	
淑	シュク
淒	セイ サイ
淕	リク ロク
淖	ニョウ トウ
淘	トウ
淙	ソウ
淚	ルイ レイ
淛	セイ セツ セチ
淝	ヒ
淞	ショウ
淟	テン トン
淠	ヒ ヘイ ハイ
淡	タン
淢	ヨク イキ イツ イチ
淤	オ ヨ
淥	ロク リョク
淦	カン コン
淨	ジョウ セイ
淩	リョウ
淪	リン ロン
淫	イン
淬	サイ
淮	ワイ エ カイ
淯	イク
淰	デン ダン ネン アン オン
深	シン
淳	ジュン シュン
淴	オツ オチ コツ コチ
淵	エン カク コウ
淶	ライ
混	コン
淹	エン
淺	セン
添	テン
淼	ビョウ ミョウ
渀	ホン
渄	ヒ
清	セイ ショウ シン
渇	カツ
済	サイ セイ
渉	ショウ
渊	エン カク コウ
渋	ジュウ シュウ
渓	ケイ
渕	エン カク コウ
渗	シン
渙	カン
渚	ショ
減	ゲン
渝	ユ
渞	シュ シュウ
渟	テイ
渠	キョ
渡	ト
渢	フウ ブ ハン
渣	サ
渤	ボツ ホツ
渥	アク
渦	カ
渧	テイ ダイ テキ チャク
温	オン
渫	セツ チョウ
測	ソク
渭	イ
渮	カ
港	コウ
渲	セン
渴	カツ
渶	エイ ヨウ
游	ユウ リュウ
渹	コウ セイ ショウ
渺	ビョウ
渻	セイ ショウ
渼	ビ ミ
渾	コン
湃	ハイ
湄	ビ ミ ダン ナン
湅	レン ラン
湈	バイ メ
湉	テン
湊	ソウ
湋	イ
湌	
湍	タン
湎	メン ベン
湏	カイ ケ
湑	ショ
湒	シュ シュウ
湓	ホン フン
湔	セン サン
湖	コ
湗	ホウ フ
湘	ショウ
湛	タン チン ジン セン
湜	ショク ジキ
湝	カイ
湞	トウ ジョウ テイ チョウ
湟	コウ
湢	ヒョク
湣	ビン ミン ベン メン
湧	ユウ ヨウ ユ
湨	ケキ キャク
湫	シュウ ショウ
湮	イン エン
湯	トウ
湲	エン カン
湳	ダン ナン
湶	セン
湻	シュン
湽	シ
湾	ワン
湿	シツ シュウ
満	マン バン
溂	ラツ
溌	ハツ
溍	シン
溏	トウ
源	ゲン
溓	レン デン ネン カン
準	ジュン
溘	コウ
溙	タイ
溜	リュウ
溝	コウ
溟	メイ
溠	サ シャ シ
溢	イツ
溥	フ ハク
溧	リツ リチ
溪	ケイ
溫	オン ウン
溭	ショク ジキ
溮	シ
溯	ソ サク
溱	シン
溲	シュ シュウ ソウ
溳	ウン イン
溴	
溶	ヨウ
溷	コン
溺	デキ ジョウ ニョウ
溻	トウ
溽	ヒョク ジョク
溿	ハン
滀	チク
滁	チョ ジョ
滂	ホウ ボウ
滃	オウ オ
滄	ソウ
滅	メツ
滇	テン シン
滈	コウ カク コク
滉	コウ
滊	キ ケ ケツ ケチ
滋	ジ
滌	デキ テキ ジョウ
滍	チ ジ
滎	ケイ ギョウ エイ
滏	フ
滑	カツ コツ
滓	シ サイ
滔	トウ
滕	トウ
滙	
滝	ロウ ソウ
滞	タイ テイ
滫	シュウ シュ
滬	コウ コ
滭	ヒツ ヒチ
滮	ヒョウ ヒュウ ヒュ
滯	タイ テイ
滲	シン
滴	テキ
滷	ロ
滸	コ
滹	コ ク
滻	サン セン
滽	ヨウ ユ
滾	コン
滿	マン バン
漁	ギョ リョウ
漂	ヒョウ
漄	ガイ
漆	シツ
漈	セイ サイ
漉	ロク
漊	ル ロウ
漌	キン コン
漍	カク
漏	ロウ
漐	
漑	ガイ カイ
漓	リ
演	エン
漕	ソウ
漖	コウ キョウ
漘	シン
漚	オウ ウ
漛	トウ
漠	バク
漢	カン
漣	レン ラン
漥	
漦	ギ ライ タイ シ
漩	セン
漪	イ
漫	マン
漬	シ
漭	ボウ モウ
漯	トウ ルイ
漰	ホウ ヒョウ
漱	ソウ シュウ ス
漲	チョウ
漳	ショウ
漵	
漶	カン
漸	ゼン
漻	リョウ リュウ ル
漼	サイ スイ
漾	ヨウ
漿	ショウ
潁	エイ
潅	カン
潏	ケツ ケチ シュツ ジュチ
潑	ハツ
潒	トウ ショウ ゾウ
潓	ケイ エ
潔	ケツ
潗	シュウ
潘	ハン
潙	キ イ
潚	シュク ショウ シュウ
潛	セン
潜	セン
潝	キュウ コウ オウ ヨウ
潞	ロ ル
潟	セキ
潠	
潡	トン
潢	コウ オウ
潤	ジュン
潦	ロウ
潨	ソウ ズ ショウ シュ
潬	タン セン
潭	タン ジン
潮	チョウ
潯	ジン
潰	カイ エ
潴	チョ
潸	サン
潺	セン サン
潼	ドウ トウ
潽	ホ フ
潾	リン ラン レン
澀	ジュウ シュウ
澁	ジュウ シュウ
澂	チョウ
澃	キョウ ケイ
澄	チョウ
澆	ギョウ
澇	ロウ
澈	テツ デチ
澋	コウ ギョウ ケイ
澌	シ セイ サイ
澍	シュ
澎	ホウ ヒョウ
澐	ウン
澑	リュウ
澒	コウ ク
澓	フク
澔	コウ
澖	カン ゲン
澗	カン ケン
澘	
澚	オウ イク オク
澟	リン
澠	ショウ ビン ミン
澡	ソウ
澣	カン
澤	タク
澥	カイ ゲ
澦	ヨ
澧	レイ ライ
澨	セイ エイ
澪	レイ
澮	カイ ケ ワイ エ
澯	サン
澰	レン
澱	デン テン
澳	オウ イク オク
澵	シン
澶	セン テン
澹	タン セン
澼	ヘキ ヒャク ケキ
澾	
激	ゲキ
濁	ダク ジョク
濂	レン
濃	ノウ
濅	シン
濆	フン ホン
濇	ショク シキ シュウ
濈	シュウ ソウ ジョウ
濉	
濊	カイ ケ サイ セ ワイ
濔	ビ
濕	シツ シュウ
濘	ネイ
濚	エイ ヨウ
濛	モウ
濞	ヒ ヘイ ハイ
濟	サイ セイ
濠	ゴウ コウ
濡	ジュ ニュ
濤	トウ
濨	シ
濩	カク ワク
濫	ラン
濬	シュン
濮	ボク ホク
濯	タク
濰	イ ユイ
濱	ヒン
濳	セン
濵	ヒン
濶	カツ
濹	ボク
濺	セン
濼	ロク ホク
濽	サン
濾	ロ リョ
瀀	ユウ ウ
瀁	ヨウ
瀅	エイ ヨウ ケイ キョウ
瀆	トク トウ
瀇	オウ コウ
瀉	シャ
瀊	
瀋	シン
瀍	テン
瀏	リュウ
瀑	バク ハク ホウ ボウ ホク ボク
瀕	ヒン
瀗	ケン コン
瀘	ロ
瀚	カン
瀛	エイ
瀝	レキ
瀞	セイ ショウ ジュウ
瀟	ショウ
瀠	エイ ヨウ
瀣	カイ
瀦	チョ
瀧	ロウ ソウ
瀨	ライ
瀬	ライ
瀯	エイ ヨウ
瀰	ビ ミ
瀲	レン
瀴	エイ ヨウ
瀷	ヨク イキ ショク シキ
瀹	セク ヨウ ヤク
瀺	
瀼	ジョウ ニョウ ドウ ノウ
瀾	ラン
灃	フウ フ ホウ
灄	ショウ ニョウ
灇	
灈	ク
灉	ヨウ ユ
灊	セン シン
灋	ホウ ハツ ホツ
灌	カン
灎	エン
灑	シャ サイ サ セ
灔	エン
灕	リ
灘	タン ダン
灝	コウ カン コン
灞	ハ バ
灣	ワン
灤	ラン
灥	シュン セン
灩	エン
火	カ
灬	ヒョウ カ
灮	コウ
灯	トウ
灰	カイ
灵	レイ リョウ
灶	ソウ
灸	キュウ ク
灼	シャク
災	サイ
灾	サイ
炁	キ ケ
炅	ケイ キョウ エイ ヨウ
炆	ブン モン
炉	ロ
炊	スイ
炎	エン
炒	ソウ ショウ
炔	ケイ ケ ケツ ケチ
炕	コウ
炖	トン
炗	コウ
炘	キン コン
炙	シャ セキ
炛	ヨウ キョウ
炟	
炤	ショウ シャク
炫	ケン
炬	コ キョ
炭	タン
炮	ホウ
炯	ケイ キョウ
炰	ホウ ビョウ フウ フ
炱	タイ
炳	ヘイ
炴	ヨウ オウ エイ
炷	シュ
炸	タク サ サク
点	テン
為	イ
炻	
烈	レツ
烊	ヨウ
烋	コウ キュウ キョウ
烏	ウ オ
烑	ヨウ
烓	エイ エ ケイ キョウ
烔	トウ ズ
烕	ケツ ケチ ベツ
烖	サイ
烘	コウ キョウ ク
烙	ラク カク
烜	ケン テン カン キ
烝	ジョウ ショウ
烟	エン
烤	コウ
烬	
烱	ケイ キョウ
烹	ホウ
烺	コウ ロウ
烽	ホウ
焃	カク キャク ケキ
焄	クン
焅	コク コウ
焆	エツ エチ ケン エン
焇	ショウ ソウ
焈	
焉	エン
焋	ソウ ショウ
焌	シュン ソン サン
焏	キョク キ ケ
焔	エン
焙	ホウ ハイ
焚	フン ホン ハン
焜	コン
焞	トン タイ ツイ
焠	サイ スイ
無	ム ブ
焦	ショウ
焫	ゼツ ネチ
焭	ケイ
焮	
焯	シャク トク タク ショウ
焰	エン
焱	エン ケキ キャク
然	ゼン ネン
焸	コ ク ケイ キョウ
焼	ショウ
煁	シン
煅	タン
煆	カ ケ
煇	キ ケン カン クン
煉	レン
煊	ケン カン
煋	セイ ショウ
煌	コウ
煎	セン
煐	エイ ヨウ
煑	シャ ショ
煒	イ キ
煓	
煕	キ
煖	ダン カン ケン ナン
煗	ダン ナン
煙	エン
煚	ケイ キョウ
煜	イク オウ
煞	サツ サイ セツ
煠	ヨウ チョウ ソウ ジョウ
煢	ケイ
煤	バイ マイ
煥	カン
煦	ク
照	ショウ
煨	ワイ ウツ ウチ
煩	ハン ボン
煬	ヨウ
煮	シャ
煹	コウ ク
煽	セン
熀	ヨウ キョウ コウ
熄	ソク
熅	ウン オン
熇	コク カク コウ
熈	キ
熊	ユウ
熌	セン
熏	クン
熒	ケイ ギョウ コウ
熔	ヨウ
熕	
熖	
熙	キ
熚	ヒツ ヒチ
熛	ヒョウ
熟	ジュク
熠	ユウ シュウ
熢	ホウ
熨	イ ウツ
熬	ゴウ
熮	
熯	ゼン ネン ガン
熰	オウ ウ
熱	ネツ
熲	ケイ キョウ
熳	マン
熹	キ
熺	キ
熾	シ
熿	コウ オウ
燀	セン タン
燁	ヨウ ユウ オウ
燃	ネン
燄	エン
燈	トウ
燉	トン
燋	ショウ セキ シャク
燌	フン ホン ハン
燎	リョウ
燐	リン
燒	ショウ
燓	フン ホン ハン
燔	ハン
燕	エン
燖	シン セン
燗	ラン カン
燙	トウ
燚	イツ イチ
燜	モン
營	エイ
燠	ウ イク オウ
燥	ソウ
燦	サン
燧	スイ
燬	キ
燭	ソク ショク
燮	ショウ
燵	タツ
燸	ニュ ダン ジュ
燹	セン
燻	クン
燼	ジン
燾	トウ チュウ ジュ
燿	ヨウ
爀	カク
爆	バク
爇	ゼツ ネチ ゼイ ネイ ネツ
爈	リョ ロ
爉	ロウ リョウ
爍	シャク
爐	ロ
爓	エン セン
爕	
爗	ヨウ ユウ オウ
爚	ヤク シャク
爛	ラン
爝	シャク サク ショウ
爟	カン ケン
爤	ラン
爨	サン
爪	ソウ
爫	
爬	ハ
爭	ソウ
爯	ショウ
爰	エン
爲	イ
爴	カク
爵	シャク
父	フ
爸	ハ
爹	タ
爺	ヤ
爻	コウ ギョウ
爼	ソ ショ
爽	ソウ
爾	ジ ニ
爿	ショウ ソウ
牀	ショウ ソウ
牁	カ
牂	ソウ
牃	チョウ オウチョウ ヨウ ショウ
牅	ヨウ
牆	ショウ
片	ヘン
版	ハン
牋	セン
牌	ハイ
牎	ソウ ス
牏	チュ ユ シュ
牐	ソウ ジョウ
牒	チョウ ジョウ
牓	ホウ
牕	ソウ ス
牖	ユウ ユ
牗	
牘	トク
牙	ガ ゲ
牚	トウ チョウ
牛	ギュウ
牜	
牝	ヒン
牞	キュウ ク
牟	ボウ ム
牠	タ
牡	ボ ボウ
牢	ロウ
牣	ジン ニン
牧	ボク
牨	コウ チン
物	ブツ モツ
牫	ハツ カ ボチ
牮	セン
牯	コ ク
牱	カ
牲	セイ
牴	テイ
牷	セン
牸	シ
特	トク
牻	ボウ モウ
牼	コウ キョウ カン ケン
牽	ケン
牾	ゴ
牿	コク
犀	サイ セイ
犁	リ レイ リュウ
犂	リ レイ リュウ
犄	イ キ
犇	ホン
犉	ジュン ニン ゼン ネン
犍	ケン コン
犎	ホウ フ
犒	コウ
犓	ス シュ スウ
犖	ラク
犛	ボウ ミョウ モウ リ
犠	ギ キ
犢	トク
犧	ギ キ
犨	シュウ シュ
犬	ケン
犭	
犮	ハツ バチ
犯	ハン ボン
犰	
犱	ケキ キャク
犲	サイ
犴	カン
状	ジョウ
犹	ジョウ ユウ ヨウ
犾	ギン
狀	ジョウ
狁	イン
狂	キョウ
狃	ジュウ
狄	テキ
狆	チュウ
狇	ボク
狉	ヒ
狌	ショウ セイ ソウ
狎	オウ コウ
狐	コ
狒	ヒ
狕	オウ ヨウ
狖	ユウ ユ
狗	ク コウ
狘	ケツ カチ
狙	ソ ショ
狛	ハク
狟	カン ケン
狠	ガン ゲン コン
狡	コウ キョウ
狢	カク ハク バク
狥	シュン
狩	シュ
独	ドク トク
狭	キョウ コウ
狳	ヨ
狴	ヘイ ハイ
狷	ケン
狸	リ ライ
狹	キョウ コウ
狺	ゲン ゴン ギン
狻	サン シュン
狼	ロウ
狽	ケン バイ ハイ
狾	セイ ケイ
猂	カン
猄	ケイ キョウ
猅	ハイ
猇	オウ ヨウ コウ キョウ
猊	ゲイ
猋	ヒョウ
猍	リ ライ
猒	エン オウ ヨウ
猓	カ
猖	ショウ
猗	イ ア
猘	セイ ケイ
猙	ソウ ショウ
猛	モウ
猜	サイ
猝	ソツ
猞	シャ
猟	リョウ レフ
猢	コ
猤	キ
猥	ワイ
猧	カ ワ
猨	エン
猩	ショウ セイ ソウ
猪	チョ
猫	ビョウ
猬	イ
献	ケン コン
猯	タン
猱	ドウ ノウ ジュウ ニュウ
猲	カツ カチ リョウ ケツ
猳	
猴	コウ
猵	ヘン ヒン
猶	ユウ ユ
猷	ユウ ヨウ
猹	
猺	ヨウ
猻	ソン
猽	ベイ ミョウ メイ
猾	カツ
猿	エン
獃	ガイ
獄	ゴク
獅	シ
獍	キョウ ケイ
獎	ショウ ソウ
獏	バク ミャク
獐	ショウ
獒	ゴウ
獖	フン ホン
獗	ケツ
獘	ヘイ ヘツ ベチ
獝	キツ キチ イツ イチ
獞	トウ ズ
獟	ゴウ キョウ
獠	リョウ ロウ トウ
獣	ジュウ
獦	カツ カチ リョウ ケツ
獧	ケン
獨	ドク トク
獩	ワイ エ
獪	カイ
獫	ケン レン
獬	カイ ゲ
獮	セン
獯	クン
獰	ドウ ネイ
獱	ヘン ヒン
獲	カク
獵	リョウ レフ
獷	コウ キョウ ク
獸	ジュウ
獹	ロ ル
獺	ダツ タツ
獻	ケン コン
獼	ビ ミ
玀	ラ
玁	ケン レン
玃	キャク カク ケキ ク ワク
玄	ゲン
玅	ミョウ ビョウ
玆	シ ケン
率	ソツ リツ シュツ
玉	ギョク
玊	
王	オウ -ノウ
玎	テイ チョウ トウ
玐	ハツ ハチ
玓	テキ チャク
玔	
玕	カン
玖	キュウ ク
玗	ウ
玘	キ
玜	コウ ク
玞	フ
玟	ビン ミン バイ マイ ブン モン
玠	カイ
玢	ヒン フン ハン ヘン
玥	ゲツ ガチ
玦	ケツ ケチ
玨	
玩	ガン
玪	カン ケン ギン ゴン リン
玫	バイ メ マイ
玭	ヒン ヘン
玲	レイ
玳	タイ
玵	ガン
玷	テン
玹	ケン
玻	ハ
玼	セイ サイ サ シ
玽	コウ ク
玿	ショウ
珀	ハク
珂	カ
珅	シン
珆	イ タイ
珈	カ
珉	ビン ミン
珊	サン
珋	リュウ ル
珌	ヒツ ヒチ ヘツ ベチ
珍	チン
珎	チン
珏	カク コク
珒	シン
珓	コウ キョウ
珖	コ コウ
珙	キョウ コウ
珝	ク
珞	ラク
珠	シュ
珡	キン
珣	シュン
珥	ジ
珦	キョウ ドウ ショウ
珧	ヨウ
珩	コウ ギョウ
珪	ケイ
班	ハン
珮	ハイ
珱	エイ ヨウ
珴	ガ
珵	テイ ジョウ チョウ
珷	ブ ム
珸	ゴ
珹	セイ ジョウ
珺	クン
珻	バイ メ マイ
珽	テイ チョウ
現	ゲン
珿	シュク スク サク
琀	カン ゴン
琁	セン ケイ
球	キュウ
琄	ケン ケイ ギョウ
琅	ロウ
理	リ
琇	シュウ シュ ユウ ウ
琉	リュウ ル
琊	ヤ
琑	サ
琓	
琚	キョ コ
琛	チン シン
琢	タク
琤	ソウ ショウ
琥	コ
琦	キ
琨	コン
琩	ショウ
琪	キ
琫	ホウ フ
琬	エン オン ワン
琭	コク ロク
琮	ソウ ス
琯	カン コン
琰	エン
琱	チョウ チュウ
琲	ハイ
琳	リン
琴	キン
琵	ビ ヒ
琶	ハ ベ ワ
琹	キン
琺	ホウ
琿	コン
瑀	ウ
瑁	マイ バイ ボウ モウ
瑃	チュン
瑄	セン
瑆	セイ ショウ
瑇	タイ
瑋	イ
瑍	カン
瑑	テン
瑒	チョウ トウ ジョウ
瑓	
瑕	カ
瑗	エン オン カン ゲン
瑙	ノウ
瑚	コ ゴ
瑛	エイ
瑜	ユ
瑝	コウ オウ
瑞	ズイ スイ
瑟	シツ
瑠	ル リュウ
瑢	ヨウ ユ
瑣	サ
瑤	ヨウ
瑦	オ ウ
瑧	シン
瑨	シン
瑩	エイ
瑪	メ バ
瑫	トウ
瑭	トウ
瑮	リツ リチ
瑯	ロウ
瑰	カイ
瑱	テン チン シン
瑲	ショウ ソウ
瑳	サ
瑶	ヨウ
瑾	キン
璀	サイ スイ
璁	ソウ ス
璃	リ
璅	ソウ サ
璆	キュウ ク ユウ ユ
璇	セン
璈	
璉	レン リン
璋	ショウ
璏	テイ エツ オチ エイ エ
璐	ロ
璑	ブ ム
璒	トウ
璗	
璘	リン
璙	リョウ
璚	ケイ ギョウ ケツ ケチ
璜	コウ オウ
璞	ハク
璟	エイ ヨウ ケイ キョウ
璠	ハン ボン
璡	シン
璢	ル リュウ
璣	キ ケ
璥	
璦	アイ
璧	ヘキ
璨	サン
璩	キョ ゴ
璪	ソウ
璫	トウ
璮	タン
璯	カイ エ ケ
環	カン
璱	シツ シチ
璲	スイ
璵	ヨ
璹	シュウ ジュ トウ
璺	
璻	スイ
璽	ジ
璿	セン ケイ ケ
瓈	レイ ライ リ
瓉	サン
瓊	ケイ
瓌	カイ
瓏	ロウ
瓐	ロ ル
瓓	ラン
瓔	エイ ヨウ
瓖	
瓘	カン
瓚	サン
瓛	カン ケン コン
瓜	カ ケ
瓞	テツ デチ
瓟	ハク ホウ ビョウ
瓠	コ カク
瓢	ヒョウ
瓣	ベン ヘン
瓤	ショウ ニョウ ドウ ノウ
瓦	ガ
瓧	
瓨	コウ
瓩	
瓪	ハン ホン
瓫	ホン
瓮	オウ
瓯	オウ
瓰	
瓱	
瓲	
瓴	レイ リイ リョウ
瓶	ビン
瓷	シ
瓸	
瓺	チョウ ジョウ
瓻	チ テキ チャク
瓼	
瓿	ホウ フ
甁	ヘイ ビン
甃	シュウ
甄	ケン シン
甅	
甆	シ
甌	オウ
甍	ボウ ミョウ
甎	セン
甑	ソウ ショウ
甒	ブ ム
甓	ヘキ ビャク
甕	オウ
甖	オウ エイ ヨウ
甗	ゲン ゴン
甘	カン
甚	ジン
甜	テン
甞	ショウ ジョウ
生	セイ ショウ
甠	セイ
甡	シン
産	サン
甤	ズイ ニ
甥	セイ ソウ ショウ
甦	ソ コウ
甧	シン ソン
用	ヨウ
甩	シュツ
甪	ロク
甫	ホ フ
甬	ヨウ
甯	ネイ ニュウ デイ ニョウ
田	デン
由	ユ ユウ ユイ
甲	コウ カン カ
申	シン
甶	フツ フチ ヒ
男	ダン ナン
甸	デン テン
甹	ヘイ ビョウ
町	チョウ
画	ガ カク エ カイ
甼	チョウ
甽	ケン ケイ キョウ
甾	シ
甿	モウ ミョウ ボウ
畀	ヒ
畃	シュン
畄	リュウ ル
畆	ボウ ホ モ ム
畇	イン シュン キン
畈	ハン ホン
畉	フ
畊	キョウ コウ
畋	デン テン
界	カイ
畍	カイ
畎	ケン テイ キョウ
畏	イ
畐	フク ヒョク ヒキ
畑	
畒	ボウ ホ モ ム
畔	ハン
畗	トウ フク
留	リュウ ル
畚	ホン
畛	シン
畜	チク
畝	ボウ ホ モ ム
畞	ボウ ホ モ ム
畟	ショク シキ ソク
畠	
畡	カイ
畢	ヒツ
畤	ジ シ
略	リャク
畦	ケイ
畧	リャク
畩	
番	バン
畫	ガ カク エ カイ
畬	ヨ
畭	ヨ シャ
畯	シュン
異	イ
畱	リュウ ル
畲	ヨ シャ
畳	ジョウ チョウ
畴	チュウ
當	トウ
畷	テツ テイ セイ
畸	キ
畹	エン
畺	キョウ コウ
畻	ショウ
畼	チョウ ジョウ
畽	トン タン トウ ツ
畾	ルイ ライ スイ
畿	キ
疁	リュ ル キク コク リュウ
疂	ジョウ チョウ
疅	キョウ コウ
疆	キョウ
疇	チュウ
疉	ジョウ チョウ
疊	ジョウ チョウ
疋	ヒキ ショ ソ ヒツ
疌	
疎	ソ ショ
疏	ソ ショ
疐	チ シ テイ タイ
疑	ギ
疒	ダク ニャク ソウ ジョウ シツ
疓	ザイ ナイ ダイ ネ キュウ
疔	テイ チョウ
疕	ヒ
疙	ギツ ゴチ キ ケ
疚	キュウ
疜	カ ゲ
疝	セン サン
疢	チン
疣	ユ ユウ
疤	ハ ヘ
疥	カイ
疫	エキ ヤク
疰	
疱	ホウ
疲	ヒ
疳	カン
疴	ア
疵	シ
疷	
疸	タン
疹	シン チン
疺	ホウ ヘン
疼	トウ
疽	ソ ショ
疾	シツ
疿	ヒ
痀	ク ウ
痁	セン テン
痂	カ ケ
痃	ゲン ケン
痄	サ ジャ
病	ビョウ ヘイ
痆	ダツ ナチ ジツ ニチ
症	ショウ
痊	セン
痌	トウ ズ
痍	イ
痎	カイ
痏	イ ユウ ウ
痒	ヨウ
痓	
痔	ヂ ジ
痕	コン
痗	バイ マイ カイ
痘	トウ
痙	ケイ
痛	ツウ
痜	トク
痝	
痞	ヒ
痟	ショウ
痠	サン
痡	ホ フ
痢	リ
痣	シ
痤	サ
痧	サ
痩	ソウ チュウ シュウ シュ
痬	エキ ヤク セキ シャク
痮	チョウ
痯	カン
痰	タン
痱	ヒ ハイ
痲	マ バ
痳	リン
痴	チ
痹	ヒ
痺	ヒ
痼	コ
痾	ア
痿	イ
瘀	ヨ オ
瘁	スイ
瘂	ア
瘃	ショク ソク チョク トク
瘄	シャク
瘇	ショウ ジュ
瘈	ケイ セイ
瘉	ユ
瘊	コウ グ
瘋	フウ
瘌	ラツ ラチ ライ
瘍	ヨウ
瘏	ト ズ
瘒	ゴン
瘓	タン
瘕	カ ケ
瘖	イン オン
瘘	
瘙	ソウ
瘛	セイ セツ セチ
瘜	ショク ソク
瘝	カン ケン
瘞	エイ
瘟	オン
瘠	セキ ジャク
瘡	ソウ ショウ
瘢	ハン
瘣	カイ ライ
瘤	リュウ ル
瘥	サ シャ サイ
瘦	ソウ チュウ シュウ チュ
瘧	ギャク ガク
瘨	
瘩	トウ
瘭	ヒョウ
瘰	ルイ ラ ライ
瘲	ショウ シュ
瘳	チュウ チュ リョウ
瘴	ショウ
瘵	サイ セイ
瘸	カ クウ
瘹	チョウ
瘺	ル ロウ
瘻	ル ロウ
瘼	バク マク
癀	コウ オウ
癁	フク
療	リョウ
癃	リュウ リュ
癄	ショウ ソウ
癅	リュウ ル
癆	ロウ
癇	カン
癈	ハイ
癉	タン タ
癊	イン オン
癋	カク
癌	ガン
癒	ユ
癕	ヨウ
癖	ヘキ
癘	レイ ライ
癙	ショ
癜	デン テン
癟	ハツ ヘツ ベチ
癡	チ
癢	ヨウ
癤	セツ セチ
癥	チョウ
癧	レキ
癨	カク
癩	ライ
癪	
癬	セン
癭	エイ ヨウ
癮	イン オン
癯	ク
癰	ヨウ
癱	タン
癲	テン
癴	レン
癶	ハツ
癸	キ
発	ハツ ホツ
登	トウ ト ドウ ショウ チョウ
發	ハツ ホツ
白	ハク ビャク
百	ヒャク ビャク
皀	キュウ ヒョク キョウ コウ
皁	ソウ
皃	ボウ バク
的	テキ
皅	ハ ヘ
皆	カイ
皇	コウ オウ
皈	キ
皋	コウ
皌	バツ マチ
皍	ソク
皎	キョウ コウ
皐	コウ
皓	コウ
皕	ヒョク ヒキ ヒ
皖	カン
皙	シャク セキ
皚	ガイ ギ ゲ カイ
皛	キョウ テイ ハク
皜	コウ
皝	コウ オウ
皞	
皟	サク
皠	サイ セ
皡	
皢	キョウ
皣	ヨウ
皤	ハ ハン
皥	コウ
皦	キョウ
皧	アイ
皨	セイ ショウ
皪	レキ リャク ラク ハク
皭	シャク ザク ショウ
皮	ヒ
皯	
皰	ホウ ビョウ
皴	シュン
皶	
皷	コ
皸	クン キン
皹	クン キン
皺	シュウ スウ
皽	テン セン シュウ タン
皿	ベイ
盁	エイ
盂	ウ
盃	ハイ
盅	チュウ ジュ
盆	ボン
盈	エイ
盉	カ ワ クウ
益	エキ ヤク
盋	ハツ ハチ
盌	ワン
盍	コウ
盎	オウ
盒	コウ
盔	カイ
盖	ガイ カイ コウ
盗	トウ
盙	フ
盛	セイ ジョウ
盜	トウ
盞	サン セン
盟	メイ
盠	レイ ライ リ
盡	ジン サン
監	カン
盤	バン
盥	カン
盦	オウ アン オン
盧	ロ
盨	シュ ス ショ ソ
盪	トウ
盬	コ ク
目	モク ボク
盰	カン
盱	ク ウ コ
盲	モウ
直	チョク ジキ ジカ
盶	ゲン ギン ガン
相	ソウ ショウ
盹	シュン
盻	ケイ
盼	ハン ヘン フン
盾	ジュン
眀	ベイ ミョウ
省	セイ ショウ
眄	ベン メン
眆	ホウ
眇	ビョウ ミョウ
眈	タン
眉	ビ ミ
眊	ボウ モウ バク マク
看	カン
県	ケン
眎	シ
眒	シン
眔	トウ
眕	シン チン
眗	ク コウ
眙	チ チョウ イ
眚	セイ ショウ
眛	マイ バイ
眜	バツ マチ ベツ メチ
眞	シン
真	シン
眠	ミン
眢	ワン エン オン
眤	ケイ ダイ
眥	セ イシ サイ シ セイ
眦	セ イシ サイ シ セイ
眨	ソウ ショウ
眩	ゲン カン
眭	キ ケイ エ スイ
眮	トウ ズ
眯	ベイ マイ ビ ミ
眴	ケン シュン
眵	シ
眶	キョウ コウ
眷	ケン
眸	ボウ ム
眹	チン ジン ショウ
眺	チョウ
眼	ガン ゲン
眽	バク ミャク ベキ
眾	シュウ シュ
着	チャク ジャク
睂	ビ ミ
睅	カン ゲン
睆	カン ゲン ワン
睇	テイ ダイ
睊	エン ダン
睍	ケン
睎	キ ケ
睏	コン
睒	セン ダン
睖	チョウ リョウ
睗	セキ シャク
睘	
睚	ガイ
睛	セイ ショウ
睜	セイ ジョウ
睞	ライ
睟	スイ サイ
睠	ケン
睡	スイ
睢	キ ケイ ケ スイ
督	トク
睤	ヘイ
睥	ヘイ
睦	ボク モク
睧	コン
睨	ゲイ
睪	エキ ヤク ジョウ ニョウ
睫	ショウ
睬	サイ
睰	バツ マチ
睲	セイ ショウ
睳	ケイ ケ
睴	コン
睹	ト
睺	コウ グ
睼	
睽	ケイ ケ キ
睾	コウ
睿	エイ
瞀	ボツ ボウ モ ム バク マク
瞄	ビョウ
瞋	シン
瞌	コウ
瞍	ソウ ス ショウ
瞎	カツ
瞑	メイ ベン ミョウ ミン メン
瞔	サク シャク
瞕	ショウ
瞖	エイ
瞚	シュン
瞞	マン モン バン ボン
瞟	ヒョウ
瞠	ドウ トウ
瞢	ボウ ム モウ
瞤	
瞥	ベツ ヘツ
瞧	ショウ
瞩	
瞪	トウ
瞬	シュン
瞭	リョウ
瞮	テツ テチ
瞯	カン ケン
瞰	カン
瞱	ヨウ
瞳	ドウ トウ
瞵	リン レン
瞶	キ
瞹	アイ
瞻	セン
瞼	ケン
瞽	コ
瞾	ショウ
瞿	ク
矃	デイ ゲイ ニョウ ネイ
矇	モウ ボウ
矉	ヒン
矍	カク
矑	ロ ル
矒	ボウ ム モウ
矕	バン マン ラン
矗	チョク シュク チク
矙	カン
矚	ショク ソク
矛	ム ボウ
矜	キン キョウ ケイ
矞	イツ イチ シュツ ジュチ
矟	サク
矠	サク シャク
矢	シ
矣	イ
矤	シン
知	チ
矦	コウ
矧	シン
矩	ク
矪	チュウ チュ
矬	サ
短	タン
矮	ワイ アイ
矯	キョウ
矰	ソウ
矱	ワク
石	セキ シャク コク
矴	テイ
矸	カン
矻	コツ クチ カツ カチ
矼	コウ
砂	サ シャ
砅	レイ リ ヒョウ
砆	フ
砉	ケキ キャク カク ワク
砌	サイ セイ
砍	カン コン キン
砎	カイ カツ ケチ
砑	ガ ゲ
砒	ヒ ヘイ
研	ケン
砕	サイ
砙	
砝	キョウ コウ ホウ
砠	ソ ショ
砡	ギク ギョク ゴク
砢	ラ カ
砣	タ
砥	シ テイ キイ チ
砦	サイ
砧	チン
砬	
砭	ヘン
砮	ド ヌ
砰	ホウ ヒョウ
砲	ホウ
破	ハ
砵	オウ ハツ
砷	シン
砺	レイ
砿	コウ
硃	シュ
硄	コウ
硅	カク キャク ケイ
硇	ドウ ニョウ
硈	カツ ケチ
硌	ラク レキ リャク
硎	ケイ
硏	ケン
硑	
硒	セイ
硜	コウ キョウ ケイ
硝	ショウ
硞	カク キャク コク
硠	ロウ
硡	コウ
硣	コウ キョウ
硤	コウ ギョウ
硨	シャ
硪	ギ ガ
硫	リュウ
硬	コウ
确	カク
硯	ケン ゲン
硲	
硴	
硺	タク チョク
硼	ホウ
硾	ツイ ズイ ダ
碁	ゴ
碆	ハ
碇	テイ
碊	セン サン オク
碌	ロク
碍	ガイ ゲ
碎	サイ
碏	シャク サク セキ
碑	ヒ
碓	カク タイ
碔	ブ ム
碕	キ
碗	ワン
碘	テン
碚	ハイ
碝	ゼン ネン
碞	ガン
碟	カツ ガチ セツ ゼチ
碡	トク チク ジク
碣	ケツ
碤	エイ ヨウ
碧	ヘキ ヒャク
碨	ワイ エ イ
碩	セキ
碪	チン
碬	カ ケ ゲ
碭	トウ
碯	ノウ
碰	ホウ
碱	ケン カン セン
碲	テイ
碳	タン
碵	
確	カク コウ
碻	カク コウ
碼	バ メ
碽	コウ ク
碾	テン
碿	ソツ ソチ
磁	ジ
磅	ボウ ホウ
磆	カツ
磇	ヒ ヘイ
磈	イ キ カイ
磉	ソウ
磊	ライ
磋	サ
磌	テン シン
磎	ケイ
磐	バン ハン
磑	ガイ
磒	イン エン ウン
磓	タイ テ ツイ ズイ
磔	タク チャク
磕	カイ コウ カツ カチ
磖	ロウ
磚	セン
磛	サン セン
磟	リク ロク
磠	ロ
磡	カン コン
磤	イン オン
磦	ヒョウ
磧	セキ
磨	マ
磪	サイ スイ
磬	ケイ
磯	キ
磲	キョ ゴ
磳	ソウ ジョウ
磴	トウ
磶	セキ シャク
磷	リン ロウ リョウ
磹	
磺	コウ
磻	ハン ハ
磽	コウ キョウ
磾	
磿	レキ リャク
礀	カン ケン
礁	ショウ
礆	ケン
礇	イク
礌	ライ
礎	ソ
礐	カク コク
礑	トウ
礒	ギ ガ
礙	ガイ ゲ
礚	カイ
礛	
礜	ヨ
礞	ボウ ム
礟	ホ ホウ
礠	ジ
礥	キン ケン
礦	コウ
礧	ライ ルイ
礩	シツ シチ
礪	レイ
礫	レキ
礬	バン ハン
礭	カク
礮	
礰	
礱	ロウ ル
礴	ハク
礵	ソウ
示	ジ シ
礻	シ
礼	レイ ライ
礽	ジョウ ニョウ
社	シャ
礿	ヤク ヨウ
祀	シ
祁	キ ケ
祄	カイ
祅	ヨウ
祆	ケン テン
祇	ギ キ シ
祈	キ
祉	シ
祊	ホウ ヒョウ
祋	タイ タツ タチ
祏	セキ ジャク
祐	ユウ ウ
祑	チツ ジチ
祓	フツ ハイ
祔	フ
祕	ヒ
祖	ソ
祗	シ
祘	サン
祚	ソ
祛	キョ コ
祜	コ
祝	シュク シュウ
神	シン ジン
祟	スイ
祠	シ
祢	ネ デイ ナイ
祥	ショウ
祧	チョウ
票	ヒョウ
祩	シュ チュ
祫	コウ ギョウ
祭	サイ
祲	シン
祷	トウ
祹	トウ
祺	キ
祻	コ ク
祼	カン
祾	リョウ ロウ
祿	ロク
禀	リン ヒン
禁	キン
禄	ロク
禅	ゼン セン
禊	ケイ カツ
禋	イン エン
禌	シ
禍	カ
禎	テイ
福	フク
禑	グ ゴ
禓	ヨウ ショウ
禔	シ テイ ダイ
禕	イ
禖	バイ マイ
禘	テイ ダイ
禛	シン
禜	エイ ヨウ
禝	ショク
禡	バ メ
禦	ギョ ゴ
禧	キ
禨	キ ケ
禩	シ
禪	ゼン セン
禫	タン ドン
禮	レイ ライ
禯	チョウ ジョウ ニュ
禰	ネ デイ ナイ
禱	トウ
禳	ジョウ
禴	ヤク ヨウ
禸	ジュウ ニュ
禹	ウ
禺	グ グウ
离	チ リ
禽	キン
禾	カ
禿	トク
秀	シュウ
私	シ
秂	ジン ニン
秄	シ
秇	ゲイ ウン
秈	セン
秉	ヘイ
秊	ネン
秋	シュウ
秌	
种	チュウ
秏	コウ カイ ボウ モウ
科	カ
秒	ビョウ
秔	コウ
秕	ヒ
秖	シ
秘	ヒ
秚	ハン
秝	レキ リャク
秞	ユウ ユ
租	ソ
秠	ヒ フウ フ ヒュウ ヒュ
秡	ハツ バチ
秢	レイ リョウ
秣	マツ バツ
秤	ショウ ヒン ビン
秥	デン ネン
秦	シン
秧	オウ
秩	チツ
秪	チ
秫	ジョツ シュツ チュツ
秬	キョ
秭	シ
称	ショウ
秱	トウ ズ
秸	カツ ケチ カイ
移	イ
秼	シュ
稀	キ ケ
稂	ロウ リョウ
稃	フ フウ
稇	コン
稈	カン
稉	コウ
稊	テイ ダイ
程	テイ
稌	ト ズ ショ
稍	ソウ ショウ
税	ゼイ
稑	リク ロク
稔	ネン ジン ニン
稕	シュン
稗	ハイ ヒ
稘	キ
稙	ショク チョク
稚	チ ジ
稛	コン キン クン
稜	リョウ ロウ
稞	カ ゲ ラ
稟	リン ヒン
稠	チュウ チョウ
稡	ソツ ソチ サイ セ
稧	ケイ ケツ ケチ
稫	ヒョク ヒキ
稭	カツ ケチ カイ
種	シュ
稯	ソウ ス
稰	ショ
稱	ショウ
稲	トウ テ
稴	レン ケン カン
稵	シ シュウ
稷	ショク
稸	キク コク チク トク
稹	シン テン ヘン
稺	チ ジ
稻	トウ テ
稼	カ
稽	ケイ
稾	コウ
稿	コウ
穀	コク
穂	スイ
穃	ヨウ
穄	セイ サイ
穅	コウ
穆	ボク モク
穇	サン シン
穈	ボン モン ビ ミ
穉	チ ジ
穌	ソ
積	セキ
穎	エイ
穏	オン
穐	シュウ
穕	ショウ
穖	キ ケ
穗	スイ
穙	ホク
穜	トウ ズ ショウ シュ
穝	サイ
穟	スイ
穠	ジョウ ニュ
穡	ショク
穢	アイ エ ワイ
穣	ジョウ
穥	ヨ
穧	セイ ザイ シ
穩	オン
穪	ショウ
穫	カク
穭	リョ ロ
穰	ジョウ
穴	ケツ
穵	アツ エチ
究	キュウ ク
穸	セキ ジョク キュウ
穹	キュウ キョウ
空	クウ
穽	セイ
穾	ヨウ
穿	セン
窀	チュン トン タン
突	トツ カ
窂	ロウ
窃	セツ
窄	サク
窅	ヨウ オウ ベン メン
窆	ビン ホウ ヘン
窈	ヨウ
窊	ワ エ ユ
窋	チュツ タツ タチ
窐	ケイ ケ ワ エ コウ
窑	ヨウ
窒	チツ
窓	ソウ ス
窔	ヨウ
窕	チョウ ヨウ
窖	コウ キョウ
窗	ソウ ス
窘	キン
窞	タン ドン ラン
窟	クツ コツ
窠	カ
窣	ソツ ソチ
窩	カ ワ
窪	ワ ア
窬	ユ トウ ズ
窮	キュウ キョウ
窯	ヨウ
窰	ヨウ
窳	ワ エ ユ
窵	チョウ トウ
窶	ロウ ク ル
窹	ゴ
窺	キ
窻	ソウ ス
窼	ソウ ショウ
窾	
窿	リュウ
竃	ソウ
竄	ザン サン
竅	キョウ
竆	キュウ キョウ
竇	トウ トク
竈	ソウ
竉	ロウ ル
竊	セツ
立	リツ リュウ リットル
竌	ショ
竍	
竎	フウ フ
竏	
竑	コウ オウ
竒	キ
竓	
竕	
站	タン
竚	チョ
竛	レイ リョウ
竜	リュウ リョウ ロウ
竝	ヘイ ホウ
竟	キョウ ケイ
章	ショウ
竡	
竢	シ
竣	ドウ シュン
童	ドウ
竦	ショウ
竧	
竨	チョウ
竩	ギ
竪	ジュ
竫	セイ ジョウ
竬	ク
竭	ケツ
端	タン
竰	
竱	セン テン タン
竴	シュン
競	キョウ ケイ
竸	キョウ ケイ
竹	チク
竺	ジク チク トク
竻	ロク キン コン
竽	ウ
竾	チ シ
竿	カン
笂	
笄	ケイ
笆	ハ
笇	サン
笈	キュウ
笊	ソウ
笋	ジュン シュン イン
笏	コツ
笑	ショウ
笒	
笔	ヒツ
笘	セン チョウ
笙	ショウ ソウ
笛	テキ
笞	チ
笟	コ
笠	リュウ
笣	ホウ ヒョウ コウ キョウ
笥	ス シ
符	フ
笧	サク
笨	ホン
笩	ハイ
笪	タン タツ タチ
笫	シ シツ シチ
第	ダイ テイ
笭	レイ リョウ
笮	サク シャク
笯	ド ヌ ダ ナ
笰	フツ フチ ヒ
笱	コウ ク
笳	カ
笴	カ コウ カン
笵	ハン ボン
笶	シ
笹	
笻	
笽	ミン
笿	ラク
筀	ケイ ケ
筁	キョク コク
筅	セン
筆	ヒツ
筇	キョウ ク
筈	カツ
等	トウ
筋	キン
筌	セン
筍	ジュン シュン イン
筎	ジョ ニョ
筏	バツ ハツ ボチ
筐	キョウ
筑	チク
筒	トウ
答	トウ
筕	コウ ギョウ グウ
策	サク
筝	ソウ ショウ
筠	イン ウン
筤	ロウ リョウ
筥	キョ
筦	カン
筧	ケン
筩	トウ ズ ヨウ ユ
筪	コウ ギョウ
筬	セイ
筭	サン
筮	ゼイ セイ
筯	チョ ジョ
筰	サク
筱	ゾウ ショウ
筲	ソウ ショウ サク
筳	テイ チョウ ジョウ
筴	キョウ サク
筵	エン
筷	カイ
筹	
筺	キョウ
筿	ショウ
箄	ハイ ヒ ヘキ ヘイ ビャク
箆	ヘイ ハイ
箇	カ コ
箉	カイ ゲ
箋	セン
箍	コ
箎	コ ク チ ジ
箏	ソウ ショウ
箐	セイ ショウ セン
箑	ソウ ショウ
箒	ソウ シュウ
箔	ハク
箕	キ
箖	リン
算	サン
箘	キン
箙	フク
箚	トウ サツ チョウ
箛	コ ク
箜	ク コウ
箝	カン ケン
箞	ケン
箟	キン
箠	スイ
管	カン
箥	ハ
箪	タン
箬	ジャク ジョク ニャク ヒャク
箭	セン
箯	ヘン
箰	シュン イン
箱	ソウ
箲	セン
箴	シン
箵	セイ ショウ
箶	コ
箸	チョ チャク
箺	シュン
箻	リツ
箼	オク
箽	トウ ツ
節	セツ セチ
篁	コウ
篂	セイ ショウ
範	ハン
篅	スイ セン テン タン
篆	テン
篇	ヘン
篈	ホウ フ
築	チク
篊	コウ グ
篋	キョウ
篌	ゴ コウ
篏	カン
篔	ウン エン
篖	トウ
篗	ワク
篙	コウ
篚	ヒ
篛	ジャク ジョク ニャク ヒャク
篝	コウ
篠	ゾウ ショウ
篤	トク
篥	リキ リツ リチ
篦	ヘイ ハイ
篨	チョ ジョ
篩	シ サイ
篪	チ シ
篭	ロウ ル
篰	
篲	スイ エ ケイ セイ
篳	ヒチ ヒツ
篴	テキ チャク チク ジク
篵	ソウ ス
篶	エン
篷	ホウ
篸	シン サン
篹	サン ゼン
篺	ハイ ヒ ヘン ベ
篼	トウ ツ
篾	ベツ メチ
簀	サク ジャク セキ
簁	シ サイ
簂	ケ カク
簃	イ チ ジ
簄	コウ コ
簆	コウ ク
簇	ゾク ソウ ソク
簉	シュウ シュ
簋	キ
簌	ソク
簍	ル ロウ
簎	サク シャク セキ
簏	ロク
簑	サ サイ
簒	サン セン
簓	
簔	サ サイ
簗	リョウ
簙	ハク
簛	シ
簞	タン
簟	タン テン
簠	フ
簡	カン ケン
簣	キ
簥	キョウ
簦	トウ
簧	コウ
簨	シュン サン ゼン
簪	シン サン
簫	ショウ
簬	ロ ル
簱	キ
簳	カン
簴	キョ ゴ
簶	ロク
簷	エン
簸	ハ
簹	トウ
簺	サイ
簽	セン
簾	レン
簿	ボ
籀	チュウ シュウ ジュ
籃	ラン
籅	
籆	ワク
籊	テキ チャク
籌	チュウ
籍	セキ
籏	キ
籐	トウ
籑	セン
籒	チュウ シュウ ジュ
籓	ハン ホン
籔	ソウ
籕	リュウ
籖	セン
籗	
籘	トウ
籙	リョク ロク
籚	ロ ル
籛	セン サン
籜	タク
籝	エイ ヨウ
籞	ギョ ゴ
籟	ライ
籠	ロウ ル
籡	
籣	ラン
籤	セン
籥	ヤク
籧	キョ ゴ
籩	ヘン
籬	リ
籭	シ サイ
籮	ラ
籯	
籰	ワク ヨク イキ
籲	ユ ヤク
米	ベイ マイ メエトル
籵	
籹	ジョ ニョ
籼	セン
籽	シ
籾	
粁	
粂	
粃	ヒ
粆	サ シャ ショウ
粇	コウ
粉	フン
粋	スイ
粍	
粏	タ
粐	ロ コ
粒	リュウ
粔	キョ
粕	ハク
粗	ソ
粘	ネン
粛	シュク スク
粞	セイ サイ
粟	ゾク ショク ソク
粠	コウ
粡	トウ
粢	シ
粤	エツ
粥	イク シュク ジュク
粦	リン
粧	ショウ
粨	
粫	ジ メン
粭	
粮	リョウ ロウ
粰	フウ フ
粱	リョウ
粲	サン
粳	コウ
粶	ロク
粷	キク コク
粹	スイ
粺	ハイ ハ ベ
粻	チョウ トウ ジョウ
粼	リン
粽	ソウ
精	セイ ショウ シヤウ
粿	カ ゲ
糀	
糂	ジン
糄	ヘン
糅	ジュウ
糇	コウ グ
糈	ショ
糉	ソウ
糊	コ ゴ コツ
糍	シ
糎	
糏	セツ セチ ソツ ソチ
糒	ビ ハイ
糓	コク
糔	シュウ シュ ソウ
糕	コウ
糖	トウ
糗	キュウ ク ショウ
糘	
糙	ソウ
糚	ソウ ショウ
糜	ビ
糝	サン シン
糞	フン
糟	コウ ソウ
糠	コウ
糢	ボ モ
糦	シ キ
糧	リョウ ロウ
糩	カイ ケ
糫	カイ ゲン カン
糯	ダ ナ
糲	レイ ラツ
糴	チョウ テキ
糵	ゲツ
糶	チョウ
糸	シ
糺	キュウ
系	ケイ
糾	キュウ
紀	キ
紂	チュウ
紃	シュン セン
約	ヤク
紅	コウ ク
紆	ウ
紇	コツ ゴチ ケツ ゲチ
紈	カン
紉	ジン ニン キン コン
紊	ビン ブン
紋	モン
納	ノウ ナッ ナ ナン トウ
紏	トウ ツ
紐	チュウ ジュウ
紑	フウ フ ハイ
紒	ケイ ケツ ケチ カイ
紓	ショ
純	ジュン
紕	ヒ
紖	チン ジン イン
紗	サ シャ
紘	コウ
紙	シ
級	キュウ
紛	フン
紜	ウン
紝	ジン ニン
紞	タン トン
素	ソ ス
紡	ボウ
索	サク
紣	サイ スイ シュツ シュチ
紦	ハ
紪	セイ サイ
紫	シ
紬	チュウ
紭	コウ ギョウ
紮	サツ
累	ルイ
細	サイ
紱	フツ フチ
紲	セツ
紳	シン
紵	チョ
紹	ショウ
紺	コン
紼	フツ フチ ヒ
紽	タ
紾	シン テン
紿	タイ
絀	チュツ チュチ
絁	シ
終	シュウ
絃	ゲン
組	ソ
絅	ケイ
絆	ハン
絇	ク
絈	バツ メチ ハ ヘ ハク ミャク ミュク
絋	コウ
経	ケイ キョウ
絍	ジン ニン
絎	コウ
絏	セツ
結	ケツ ケチ
絑	シュ チュ
絓	カイ ゲ カ ワ
絖	コウ
絗	コツ ゴチ
絙	カン コウ
絚	コウ
絛	ジュウ ジョウ トウ
絜	ケツ ケチ ケイ カツ
絝	コ ク
絞	コウ
絡	ラク
絢	ケン
絣	ホウ
絥	フク ヒ
給	キュウ
絧	トウ ズ
絨	ジュウ
絪	イン
絮	ジョ ショ
絰	テツ デチ
統	トウ
絲	シ
絳	コウ
絵	カイ エ
絶	ゼツ
絸	ケン
絹	ケン
絺	チ
絻	ブン モン ベン メン バン マン
絽	ロ リョ
絿	キュウ ク
綁	ホウ
綂	トウ
綃	ショウ ソウ
綅	シン セン
綆	コウ キョウ ヘイ ヒョイ ハン
綈	テイ タイ
綉	シュウ ツ トウ
綋	コウ
綌	ケキ キャク
綍	フツ フチ ヒ
綏	スイ タ
綑	コン
經	ケイ キョウ
綖	エン セン
綗	ケイ
継	ケイ
続	ゾク ショク コウ キョウ
綛	
綜	ソウ
綝	チン リン シン
綞	タ
綟	レイ
綠	リョク ロク
綢	チュウ トウ
綣	ケン
綦	キ
綧	シュン
綪	セン セイ ショウ ソウ
綫	セン
綬	ジュ
維	イ
綮	ケイ
綯	トウ
綰	ワン
綱	コウ
網	モウ
綳	ホウ ヒョウ
綴	テイ テツ テチ ゲツ
綵	サイ
綶	カ クワ
綷	サイ スイ シュツ シュチ
綸	リン カン
綹	リュウ ル
綺	キ
綻	タン
綽	シャク
綾	リン
綿	メン
緀	
緂	タン セン サン
緃	ショウ シュ
緄	コン
緅	シュウ シュ ソウ ス
緆	セキ シャク イ
緇	シ
緊	キン
緋	ヒ
緌	ズイ ニ
緍	ビン コン ミン
緎	ヨク イキ キョク コク イク
総	ソウ
緑	リョク ロク
緒	ショ チョ
緕	
緖	ショ チョ
緗	ショウ ソウ
緘	カン
緙	カク キャク
線	セン
緜	メン
緝	シュウ
緞	ドン タン
締	テイ
緡	ビン コン ミン
緢	ボウ ミョウ ビョウ
緣	エン
緤	セツ セチ
緥	ホ ホウ
緦	シ
編	ヘン
緩	カン
緪	コウ
緫	ソウ
緬	メン ベン
緭	イ キ
緯	イ
緱	コウ ク
緲	ビョウ ミョウ
練	レン
緵	ソウ ス
緶	ヘン
緹	テイ タイ
緺	カイ ケ カ ラ
緻	チ
縀	カ ゲ
縁	エン -ネン
縄	ジョウ
縅	
縈	エイ ヨウ
縉	シン
縊	イ エイ
縋	ツイ
縐	シュウ シュ ス シュク
縑	ケン
縒	シ サ
縕	ウン オン
縗	サイ スイ サ
縛	バク
縜	イン ウン
縝	シン チン
縞	コウ
縟	ジョク
縠	コク
縡	サイ
縢	トウ
縣	ケン
縦	ジュウ
縧	ジュウ ジョウ トウ
縨	コウ
縫	ホウ
縬	シュク
縭	リ チ
縮	シュク
縯	エン イン
縱	ジュウ
縲	ルイ
縳	テン セン ケン
縵	マン バン
縶	チュウ ショウ
縷	ル ロウ
縹	ヒョウ
縺	レン
縻	ビ ミ
總	ソウ
績	セキ
縿	サン セン ショウ ソウ
繁	ハン
繃	ホウ ヒョウ
繄	エイ イ
繅	ソウ
繆	ビュウ キュウ ボク リョウ
繇	ヨウ ユウ ユ チュウ ジュ
繊	セン
繋	ケイ
繍	シュウ
繎	ビン ネン
繐	ケイ エ セイ サイ
繒	ショウ ソウ
織	ショク シキ
繕	ゼン
繖	サン
繘	キツ イツ イチ キチ
繙	ハン ホン
繚	リョウ
繝	カン ケン
繞	ジョウ ニョウ
繟	セン タン
繡	シュウ
繢	カイ コツ ゴチ キ
繥	キ
繦	キョウ
繧	ウン
繩	ジョウ
繪	カイ エ
繫	ケイ
繭	ケン
繮	キョウ コウ
繯	ケン カン
繰	ソウ
繳	シャク キョウ カク ギャク
繵	
繸	スイ
繹	エキ ヤク
繻	シュ
繼	ケイ
繽	ヒン
繾	ケン テン キン
繿	ラン
纁	クン
纂	サン
纃	
纆	ボク モク
纇	ライ
纈	ケツ ケチ
纉	サン サブ
纊	コウ
續	ゾク ショク コウ キョウ
纍	ルイ ライ
纎	セン
纏	テン デン
纐	コウ
纑	ロ ル
纒	テン
纓	エイ ヨウ
纔	サン ザン サイ
纕	ショウ ソウ
纖	セン
纘	サン サブ
纚	シ リ サイ シャ
纛	トウ トク
纜	ラン
纝	ルイ
纞	レン
缶	カン
缸	コウ
缺	ケツ ケン
缻	カン
缼	ケツ ケン
缽	ハチ ハツ
缾	ヘイ
缿	トウ ズ コウ グ
罃	オウ ヨウ
罄	ケイ キョウ
罅	カ ケ
罇	ソン
罌	オウ エイ ヨウ
罍	ライ
罎	ドン タン
罏	ロ ル
罐	カン
网	モウ ボウ
罒	モウ ボウ
罓	モウ ボウ
罔	モウ ボウ
罕	カン
罘	フ
罛	コ ロ ク
罜	シュ トク
罝	シャ ショ
罟	コ
罠	ビン ミン
罡	コウ
罣	カイ ケ ケイ
罤	テイ ダイ コン
罥	ケン
罦	フ フウ
罧	リン
罨	アン エン
罩	トウ
罪	ザイ
罫	ケイ カイ ケ
罭	ヨク イキ キョク
置	チ
罰	バツ バチ ハツ
罱	ダン グン ナン ラン
署	ショ
罵	バ
罷	ヒ
罸	バツ バチ ハツ
罹	リ ラ
罽	ケイ
罾	ソウ
罿	ショウ シュ トウ ズ
羀	リュウ ル
羂	ケン
羃	ベキ
羅	ラ
羆	ヒ
羇	キ ハ
羈	キ ハ
羊	ヨウ
羋	バ メ マ ビ ミ
羌	キョウ
羍	タツ タチ
美	ビ ミ
羏	ヨウ
羐	ユウ ユ
羑	ユウ ユ
羔	コウ
羖	コ ク
羗	キョウ
羚	レイ リョウ
羜	チョ ショ
羝	ラン テイ
羞	シュウ
羡	イ セン エン
羢	ジョウ ニュ
羣	グン
群	グン
羦	カン
羨	セン エン
義	ギ
羪	ヨウ リョウ
羭	ユ
羮	コウ カン
羯	カツ ケツ
羲	ギ キ
羴	セン
羶	セン
羸	ルイ
羹	コウ カン
羼	サン セン
羽	ウ
羿	ゲイ
翀	チュウ ジュ
翁	オウ
翃	コウ
翅	シ
翆	スイ
翈	コウ
翊	ヨク
翌	ヨク
翎	レイ リョウ
翏	リュウ ル リョウ リク
習	シュウ ジュ
翔	ショウ
翕	キュウ
翛	ショウ ユウ ユ シュク
翟	ケキ ジャク タク タイ
翠	スイ
翡	ヒ
翣	ソウ ショウ
翥	ショ
翦	セン
翨	シ キ
翩	ヘン
翫	ガン
翬	キ
翮	カク ギャク レキ リャク
翯	コク カク
翰	カン
翲	ヒョウ
翳	エイ
翹	ギョウ
翺	コウ
翻	ホン ハン
翼	ヨク
翽	カイ ケ
翾	ケン
翿	トウ
耀	ヨウ
老	ロウ
耂	
考	コウ
耄	ボウ モウ
者	シャ
耆	キ シ
耇	コウ ク
耈	コウ ク
耊	テツ
耋	テツ
而	ジ ニ
耍	サ シャ
耎	ゼン ネン
耏	ジ ニ ダイ ナイ
耐	タイ
耑	タン セン
耒	ライ ルイ
耓	テイ チョウ
耔	シ
耕	コウ
耖	ソウ ショウ
耗	モウ コウ カウ
耘	ウン
耙	ハ
耜	シ
耝	ショ ゾ
耞	カ ケ
耟	キョ ゴ
耠	コウ
耡	ジョ
耤	セキ ジャク シャ
耦	ゴウ グ グウ
耨	ドウ ジョク ヌ ジュク
耬	ロウ ル
耮	ロウ
耰	ユウ ウ
耳	ジ
耴	チョウ ジョウ ニョウ
耵	テイ チョウ
耶	ヤ ジャ
耷	トウ チョウ
耹	キン ゴン ケン
耺	ウン ヨウ
耻	チ
耼	タン バン マン ナン
耽	タン
耾	コウ オウ
耿	コウ
聀	ショク ソク
聃	
聄	シン
聆	レイ リョウ
聊	リョウ
聒	カツ
聖	セイ ショウ
聘	ヘイ
聚	シュウ シュ
聞	ブン モン
聟	セイ
聠	ヘイ ヒョウ
聡	ソウ
聢	
聤	テイ ジョウ
聦	ソウ
聨	レン
聭	キ
聯	レン
聰	ソウ
聱	ゴウ ギョウ
聲	セイ ショウ
聳	ショウ
聴	チョウ テイ
聵	ゲ カイ
聶	ショウ ジョウ ニョウ
職	ショク ソク
聹	ネイ
聻	
聽	チョウ
聾	ロウ
聿	イチ イツ
肁	チョウ ジョウ トウ
肄	イ
肅	シュク スク
肆	シ
肇	チョウ ジョウ トウ
肈	チョウ ジョウ トウ
肉	ニク
肋	ロク
肌	キ
肎	コウ
肓	コウ
肖	ショウ
肘	チュウ
肙	
肚	ト
肛	コウ
肜	ユウ ユ チン
肝	カン
肞	サ
股	コ
肢	シ
肤	
肥	ヒ
肦	フン ハン
肧	ハイ
肩	ケン
肪	ボウ
肫	シュン サイ スイ
肬	ユ ユウ
肭	トツ ジク
肯	コウ
肱	コウ
育	イク
肴	コウ
肸	キツ キチ コチ ケツ ケチ
肹	ヒ キツ
肺	ハイ
胃	イ
胄	チュウ
胅	
胆	タン
胈	ハツ バチ ハイ
胊	ク グ キョウ コク
背	ハイ
胍	コ ク カ ケ
胎	タイ
胏	シ
胒	デイ ハイ
胔	シ セキ ジャク
胕	フ
胖	ハン
胗	シン キン
胘	ケン
胙	ソ サク
胚	ハイ
胛	コウ
胝	チ
胞	ホウ
胠	キョ コ キョウ コウ
胡	ウ コ ゴ
胤	イン
胥	ショ ソ
胦	
胭	イン エン エツ
胮	ホウ
胯	コウ カ コ
胰	イ
胱	コウ
胲	カイ
胳	カク ギャク
胴	ドウ
胵	
胶	コウ ギョウ
胸	キョウ
胹	ジ ニ
胺	アツ アチ
胻	
胼	ヘン
能	ノウ
胾	シ
脂	シ
脃	セイ セツ
脅	キョウ
脆	ゼイ セイ セツ
脇	キョウ
脈	ミャク
脉	ミャク
脊	セキ
脋	キョウ
脍	
脖	ホツ ボチ
脗	モン ビン ミン フン
脘	カン ゲン
脚	キャク キャ カク
脛	ケイ
脜	ジュ ニュ
脞	サ
脠	セン テン
脣	シン
脤	シン
脧	サイ スイ サ セン
脩	シュウ
脬	ホウ ヒョウ
脯	フ ホ
脰	トウ ズ
脱	ダツ
脳	ノウ ドウ
脵	コ
脹	チョウ
脺	セイ セツ
脼	リョウ
脽	
脾	ヒ
腅	タン
腆	テン
腇	ダイ ナイ ワ ワイ
腊	セキ シャク ロウ
腋	エキ セキ
腌	ヨウ オウ エン
腎	ジン
腐	フ
腑	フ
腒	キョ コ
腓	ヒ
腔	コウ
腕	ワン
腗	ヒ
腟	チツ
腠	ソウ ス
腡	ラ カ ケ カイ
腥	セイ ショウ
腦	ノウ ドウ
腧	シュ ユ
腨	セン
腩	ナン タン ドン
腫	シュ ショウ
腭	ガク
腮	サイ
腯	トツ トチ トン
腰	ヨウ
腱	ケン キン
腴	ユ
腷	ヒョク ビキ
腸	チョウ
腹	フク
腺	セン
腿	タイ
膀	ボウ ホウ
膁	ケン カン
膂	リョ ロ
膃	オツ
膄	シュウ ニュ
膅	トウ
膆	ソ
膈	カク
膊	ハク
膋	リョウ
膎	カイ ゲ
膏	コウ
膐	リョ ロ
膓	チョウ
膕	カク コク キョク
膖	ホウ チョウ チュ
膘	ヒョウ ショウ
膚	フ
膛	トウ
膜	マク
膝	シツ
膞	セン シュン
膠	コウ キョウ
膢	ロウ ル リュウ リョ ロ
膣	チツ
膤	セツ
膨	ボウ
膩	ジ ニ
膮	キョウ キュウ ク
膰	ハン
膲	ショウ
膳	ゼン セン
膴	コ ク ブ ム
膵	スイ
膸	ズイ
膺	ヨウ オウ
膻	タン
膽	タン
膾	カイ ケ
膿	ノウ ドウ
臀	デン トン
臁	
臂	ヒ
臃	ヨウ
臅	ショク ソク
臆	オク ヨク
臈	ロウ
臉	ケン セン レン
臊	ソウ
臋	デン トン
臍	セイ サイ
臎	スイ
臏	ヒン
臑	ジ ドウ ジュ デイ
臓	ゾウ
臕	ヒョウ
臖	
臗	コン カン
臘	ロウ
臙	エン
臚	ロ リョ
臛	コク カク
臝	ラ
臞	ク
臟	ゾウ
臠	レン
臡	デイ ナイ ゼイ
臣	シン ジン
臤	カン ケン コウ キョウ
臥	ガ
臧	ゾウ ソウ
臨	リン
自	ジ シ
臫	キョウ
臬	ゲツ
臭	シュウ
臰	シュウ
臱	ベン メン
臲	ゲツ ゲチ
至	シ
致	チ
臵	カク
臶	セン ソン
臸	ジツ ニチ チョク チキ シン シ
臹	シュウ シュ
臺	ダイ タイ
臻	シン
臼	キュウ グ
臽	カン ゲン コン
臾	ユ ヨ ヨウ
臿	ソウ ショウ
舀	ヨウ
舁	ヨ
舂	ショウ
舃	シャク サク セキ タク
舄	シャク サク セキ タク
舅	キュウ
與	ヨ
興	コウ キョウ
舉	キョ
舊	キュウ
舌	ゼツ
舍	セキ シャ
舎	シャ セキ
舏	キュウ ク
舐	シ
舒	ジョ ショ
舓	シ
舔	テン
舖	ホ
舗	ホ
舘	カン
舙	カン クウ ゲ
舚	テン
舛	ブ セン
舜	シュン
舝	カツ ゲチ
舞	ブ
舟	シュウ
舡	コウ セン
舢	サン
舨	ハン
舩	セン
航	コウ
舫	ホウ
般	ハン
舮	ロ
舲	レイ リョウ
舳	ジク チク チュウ
舴	タク チャク サク シャク
舵	ダ タ
舶	ハク
舷	ゲン
舸	カ
船	セン
舺	コウ ギョウ
舼	
艀	フ
艃	リ
艄	ソウ ショウ
艅	ヨ
艆	ロウ
艇	テイ
艉	
艋	ボウ モウ ミョウ
艎	コウ オウ
艏	シュウ オウ
艑	ヘン
艖	サ シャ サイ セ
艗	
艘	ショウ シュウ ソウ
艙	ソウ
艚	ソウ
艜	タイ
艝	
艟	ドウ ショウ トウ
艠	トウ
艢	ロ ショウ ゾウ
艣	ロ
艤	ギ
艦	カン
艧	ワク
艨	モウ ボウ
艪	ロ
艫	ロ
艭	ソウ
艮	コン ゴン
良	リョウ
艱	カン ケン
色	ショク シキ
艴	ホツ フツ フチ ハイ
艶	エン
艷	エン
艸	ソウ
艹	
艻	ロク キョク
艽	キュウ グ キ
艾	カイ ゲイ
艿	ジョウ ニョウ ジ ニ
芀	チョウ ショウ
芁	コウ
芃	ホウ ブ フウ
芄	カン
芇	ベン メン バン マン
芉	カイ カン
芊	セン
芋	ウ
芍	シャク
芎	キュウ ク
芑	キ
芒	ボウ コウ モウ
芓	
芔	キ ケ
芖	チ
芘	ヒ
芙	フ
芚	トン チュン
芛	イ シュン シュツ ジュチ
芝	シ
芟	セン サン
芠	ブン モン
芡	ケン
芣	フウ フ
芤	コウ ク
芥	カイ ケ
芦	ロ
芧	チョ ショ ヨ
芨	キュウ コウ
芩	キン ゴン ケン
芪	キ シ チ
芫	ゲン ガン
芬	フン
芭	バ ハ
芮	ゼイ ネイ ゼツ ネチ
芯	シン
芰	キ
花	カ ケ
芲	カ ケ
芳	ホウ
芴	ブツ モチ コツ コチ
芷	シ
芸	ゲイ ウン
芹	キン
芺	オウ ヨウ
芻	スウ シュウ ス
芼	ボウ モウ
芽	ガ
芾	ヒ ハイ フツ フチ
芿	ジョウ ニョウ
苅	ガイ カイ
苆	
苐	テイ ダイ イ
苑	エン オン
苒	ゼン
苓	レイ リョウ
苔	タイ
苕	チョウ ショウ
苗	ビョウ ミョウ
苙	リュウ キュウ
苚	ヨウ ユ
苛	カ
苜	モク ボク
苞	ホウ ヒョウ
苟	コウ ク
苠	ビン ミン
苡	イ シ ワ
苢	イ シ ワ
苣	キョ
苤	ヒ
若	ジャク ニャク ニャ
苦	ク
苧	チョ
苨	デイ ナイ
苪	ヘイ ヒョウ
苫	セン
苭	ヨウ
苯	ホン
英	エイ
苳	トウ
苴	ソ サ シャ ショ
苶	デツ ネチ ジョウ ニョウ
苷	カン コン
苹	ヘイ ビョウ ホウ
苺	バイ マイ
苻	フ
苽	コ
苾	ヒツ ビチ ヘツ
茀	フツ ブチ ホツ ボチ ヒ
茁	サツ セチ キツ キチ
茂	モ
范	ハン
茄	カ
茅	ボウ ミョウ
茆	エン ボウ
茇	ハツ バチ ハイ フツ フチ
茈	シ サイ ジュ
茉	マツ バツ マ
茊	シ
茋	シ
茌	
茎	ケイ キョウ
茖	カク
茗	ミョウ メイ
茘	レイ リ レン
茛	コン ケン
茜	セン
茝	サイ セイ シ
茞	シン
茟	イツ イチ ワイ エ ヒツ
茡	シ ウ
茢	レツ レチ レイ
茣	ゴ
茨	シ ジ
茫	ボウ
茬	シ
茭	ケキ キャク コウ キョウ
茮	ショウ ノウ
茯	フク ブク ヒ ビ
茰	ユ
茱	シュ
茲	シ ジ
茳	コウ
茴	ウイ カイ
茵	イン
茶	チャ サ
茷	ハイ ヒツ ホチ
茸	ジョウ ニュ
茹	ジョ ニョ
茺	シュウ シュ
茼	トウ ズ
茽	チュウ ジユ
荀	ジュン シュン
荂	カ ケ フ ク
荃	セン ソン セツ セチ サツ
荄	カイ
荅	トウ
荇	コウ ギョウ
草	ソウ
荊	ケイ
荍	キョウ シュウ シュ
荎	チ ジ チツ ジチ テツ デチ
荏	ジン ニン
荐	セン
荑	テイ ダイ イ
荒	コウ
荓	ヘイ ビョウ
荔	レイ リ レン
荕	キン
荖	ハイ ホウ ロウ
荗	ショク ジキ
荘	ソウ ショウ チャン
荢	
荣	
荰	ト ズ
荳	トウ ズ
荵	ニン ジン
荷	カ
荸	ホツ ボチ
荻	テキ
荼	タ ズ ト ダ
荽	イ スイ ニ
荿	セイ ジョウ
莀	シン ドウ ノウ
莂	ヘツ ヘチ
莄	コウ キョウ
莅	リ レイ
莆	フ ホ
莇	ジョ
莉	リ ライ レイ
莊	ソウ ショウ チャン
莍	キュウ グ キク
莎	サ シャ
莒	キョ コ
莓	バイ マイ
莔	ボウ モウ ミョウ キツ コチ テイ キョウ
莕	コウ ギョウ
莖	ケイ キョウ
莘	シン
莙	キン クン ウン
莚	エン
莛	テイ ジョウ
莜	テキ ジュク チョウ ジョウ
莝	サ
莞	カン
莟	ガン カン
莠	ユウ
莢	キョウ
莦	ソウ ショウ
莧	カン ケン
莨	ロウ
莩	フ ヒョウ
莪	ガ
莫	バク ボ マク モ ナイ
莬	ブン モン バン マン ベン メン
莭	セツ セチ
莱	ライ リ
莵	ト ツ
莽	ボウ モウ
莾	ボウ モウ
莿	シ セキ シャク
菀	エン オン ウツ ウチ ウン
菁	セイ ショウ
菅	カン ケン
菇	コ ク
菉	リョク ロク
菊	キク
菌	キン
菎	コン
菏	カ
菐	ホク
菑	シ サイ
菓	カ
菔	ホク フク
菖	ショウ
菘	スウ シュウ
菜	サイ
菝	ハツ バチ
菟	ト ツ
菠	ハ ホ
菡	
菥	
菨	ショウ
菩	ボ
菪	トウ
菫	キン
華	カ ケ
菰	コ
菱	リョウ
菲	ヒ
菴	アン
菶	ホウ フ ボ
菷	シュウ ソウ
菸	エン ヨ オン
菹	ショ シャ
菻	リン
菼	タン
菽	シュク
萁	キ カイ
萃	スイ サイ
萄	ドウ トウ
萆	ヒ ヘイ ハツ バチ
萇	チョウ
萊	ライ リ
萋	セイ サイ
萌	ホウ
萍	ヘイ ヒョウ
萎	イ
萏	タン ドン
萑	カン スイ
萓	ギ
萕	セイ ザイ
萗	
萙	
萠	ホウ
萢	
萩	シュウ
萪	カ
萬	マン バン
萯	フウ フ ハイ
萱	ケン
萵	ワ
萸	ユ
萹	ヘン
萼	ガク
落	ラク
葅	ショ シャ
葆	ホウ ホ
葇	ジュウ ニュ
葈	シ
葉	ヨウ
葊	アン
葍	フク
葎	リツ
葏	セン セイ ショウ シン
葑	ホウ フ フウ
葒	コウ グ
葖	トツ トチ
著	チョ チャク
葘	シ サイ
葙	ショウ ソウ
葚	チン シン
葛	カツ カチ
葜	カツ
葟	
葠	シン セン
葡	ブ ホ
葢	ガイ カイ コウ
董	トウ
葤	チュウ ジュウ
葥	セン
葦	イ
葧	ホツ ボチ
葩	ハ
葪	ケイ キ カイ ケ
葫	コ
葬	ソウ
葭	カ
葮	ダン タン
葯	ヤク
葰	スイ サ セ シュン
葱	ソウ
葳	イ
葴	シン カン ケン
葵	キ
葶	テイ ジョウ チョウ
葷	クン
葸	サイ シ
葹	シ
葺	シュウ
葼	ソウ ス
葽	ヨウ
蒁	シュツ ジュチ イツ イチ リツ リチ
蒂	テイ タイ
蒄	カン
蒅	
蒋	ショウ ソウ
蒐	シュウ
蒒	シ
蒓	シュン
蒔	シ ジ
蒕	ウン
蒗	
蒙	モウ ボウ
蒜	サン
蒞	リ レイ ルイ
蒟	コン ク
蒡	ボウ ホウ
蒦	ワク キャク カク ヤク
蒨	セン
蒩	ソ ショ シャ
蒪	ハク ホク
蒭	シュウ ス スウ
蒯	カイ ケ
蒱	ホ ブ
蒲	ホ ボ フ ブ
蒴	サク
蒸	ジョウ セイ
蒹	ケン
蒺	シツ ジチ ショク ジ キ
蒻	ジャク ニャク
蒼	ソウ
蒽	オン
蒾	ベイ メイ
蒿	コウ
蓀	ソン
蓁	シン
蓂	ベイ メイ ミョウ ベキ
蓄	チク
蓆	セキ
蓇	コツ コチ
蓈	コウ ロウ
蓉	ヨウ
蓊	オウ
蓋	ガイ カイ コウ
蓌	サ シャ サイ スイ
蓍	シ
蓎	
蓏	ラ
蓐	ジョク ニク
蓑	サ サイ
蓓	ハイ
蓖	ヒ ヘイ
蓙	ザ
蓚	シュウ
蓜	ハイ
蓧	チョウ ショウ
蓪	トウ ツ
蓬	ホウ ブ
蓮	レン
蓯	ソウ ス ショウ シュ
蓰	シ
蓱	ヘイ ヒョウ
蓲	キュウ ク シュ ウ
蓴	シュン
蓷	タイ ツイ スイ
蓺	ゲイ
蓻	シュウ ジョウ ニョウ キク
蓼	シン リク リョウ
蓽	ヒツ ヒチ
蓿	シュク
蔀	ホウ ダ ダン ブ
蔂	ルイ ラ ライ
蔃	キョウ ゴウ
蔆	リョウ
蔇	キ キケ
蔌	ソク ソウ ス
蔎	セツ セチ サツ
蔐	テキ
蔑	ベツ
蔓	マン バン
蔔	フク ホク
蔕	テイ タイ
蔗	シャ ショ
蔘	シン サン
蔚	ウツ イ
蔛	
蔜	ゴウ
蔞	ロウ ル リュウ ク
蔟	ゾク ソウ
蔡	サイ
蔢	ハ
蔣	ショウ ソウ
蔤	ビツ ミチ ミツ
蔥	ソウ
蔦	チョウ
蔧	セイ スイ
蔪	セン サン
蔫	エン オン
蔬	ソ ショ
蔭	イン オン
蔯	チン ジン
蔲	コウ ク
蔳	セン
蔴	マ マア
蔵	ゾウ ソウ
蔶	サク ジャク セキ
蔽	ヘイ ヘツ フツ
蔾	
蔿	イ カ ケ
蕀	キョク
蕁	ジン タン
蕃	バン ハン
蕆	テン
蕈	ジン シン
蕉	ショウ
蕊	ズイ
蕋	ズイ
蕎	キョウ
蕏	チョ
蕐	カ ケ
蕑	カン ゲン
蕒	バイ メイ
蕓	ウン
蕕	ユウ ユ
蕖	キョ ゴ
蕗	ロ ル
蕘	ジョウ
蕙	ケイ エ
蕚	ガク
蕜	ヒ
蕝	セツ セチ セイ サイ
蕞	サイ セツ セチ
蕟	ハイ ヒツ ホチ ヒイ
蕠	ジョ ニョ
蕡	フン ハン ボン
蕢	カイ ケ キ
蕣	シュン
蕤	ニ ソウ ショウ スイ
蕨	ケツ
蕩	トウ
蕪	ブ ム
蕫	トウ ツ ズ
蕭	ショウ
蕯	ロウ ル リュウ
蕷	ヨ
蕹	ヨウ ユ
蕺	シュウ ショウ
蕻	コウ ク
蕽	ドウ ヌ ノウ
蕾	ライ
蕿	ケン
薀	ウン オン
薁	イク オウ
薄	ハク
薅	コウ
薆	アイ キ ケ
薇	ラ ビ
薈	カイ ワイ
薉	ワイ エ
薊	ケイ キ カイ ケ
薋	シ
薌	キョウ コウ
薏	ヨク オク イ
薐	ロウ
薑	キョウ コウ
薓	シン セン
薔	バ ショウ ショク ソウ
薗	エン オン
薘	タツ ダチ
薙	テイ チ
薛	セツ
薜	ヘイ
薝	セン タン
薟	レン ケン コン
薠	ハン ボン
薢	カイ ケ
薤	カイ
薥	ショク ゾク チョク チク
薦	セン
薧	コウ
薨	コウ
薩	サツ サチ
薪	シン
薫	クン
薬	ヤク
薭	ハイ ヒ
薮	ソウ
薯	ショ
薰	クン
薴	ドウ ノウ ニョウ
薶	バイ マイ リ
薷	ジュ ニュ ジュウ
薸	ヒョウ
薹	タイ
薺	セイ ザイ
薼	チン ジン
薽	シン ケン
薾	シ ニ デイ ナイ
薿	ギ ギョク ゴク
藁	コウ
藂	ソウ ス
藇	ショ ヨ
藉	シャ セキ ジャク
藊	ヘン
藋	チョウ ジョウ タク
藍	ラン
藎	シン
藏	ゾウ ソウ
藐	ビョウ バク
藕	グウ グ ゴウ
藘	リョ ロ
藙	
藚	ショク ゾク
藜	レイ
藝	ゲイ ウン
藟	ルイ ラ リュウ
藠	キョウ
藡	
藤	トウ ドウ
藥	ヤク
藦	バ マ
藨	ヒョウ キョウ ホウ
藩	ハン
藪	ソウ
藭	キュウ ク
藳	コウ
藶	レキ リャク
藷	ショ ジョ
藹	アイ
藺	リン
藻	ソウ
藼	ケン
藾	ライ
藿	カク スイ
蘀	タク ジャク
蘂	ズイ
蘄	キ ケ キン ゴン
蘅	コウ ギョウ
蘆	ロ
蘇	ソ ス
蘊	ウン
蘋	ヒン
蘍	クン
蘎	キ
蘐	ケン
蘑	マ
蘒	キ
蘓	ソ ス
蘖	ゲツ
蘗	ハク ビャク
蘘	ニョウ ショウ ソウ ノウ
蘙	エイ
蘚	セン
蘛	イク ユ
蘞	レン ケン コン
蘡	オウ ヨウ エイ
蘢	ロウ
蘤	
蘧	ク キョ
蘩	ハン ボン
蘭	ラン ラ
蘯	トウ
蘰	
蘶	ギ
蘸	サン
蘹	
蘺	リ
蘼	ビ ミ
蘽	ルイ ラ リュウ
蘿	ラ
虀	セイ サイ
虁	キ
虂	ロ ル
虆	ルイ ラ リュウ
虍	コ
虎	コ
虐	ギャク
虒	シ テイ ダイ チ
虓	オウ ヨウ コウ キョウ
虔	ケン
處	ショ
虖	コ ク ケイ キョウ
虗	キョ コ
虘	サ ソ
虙	フク
虚	キョ コ
虛	キョ コ
虜	リョ ロ
虝	コ
虞	グ
號	コウ
虠	コウ
虡	キョ ゴ
虢	ホウ カク
虣	ホウ
虤	ガン ケン
虧	キ
虩	ケキ キャク サク シャク
虫	チュウ キ
虬	キュウ ク キョウ
虯	キュウ ク キョウ
虱	シツ
虵	ジャ ダ イ ヤ
虶	ウ
虷	カン
虹	コウ
虺	キ カイ ケ
虻	ボウ
蚇	
蚈	ケン
蚉	ブン
蚊	ブン
蚋	ゼイ ネイ ゼツ ネチ
蚌	ボウ ホウ ビョウ
蚍	ヒ
蚑	キ ゲ
蚓	ズ イン
蚕	サン テン
蚖	ゲン ガン
蚘	カイ ユウ
蚚	キ ゲ カイ
蚜	カ ケ
蚝	
蚡	フン
蚣	コウ ショウ
蚤	ソウ
蚦	ゼン ネン ザン ナン テン
蚧	カイ
蚨	フ
蚩	シ
蚪	ト
蚫	ホウ
蚭	ジ ニ
蚯	キュウ
蚰	ユウ
蚱	サク シャク サ シャ
蚳	チ シ テイ タイ
蚴	ユウ ユ
蚵	カ
蚶	カン
蚷	キョ ゴ
蚸	レキ リャク セキ シャク
蚹	フ ホク
蚿	ケン
蛀	シュ
蛁	チョウ
蛃	ヘイ ヒョウ ホウ
蛄	コ
蛅	ネン セン
蛆	ソ ショ
蛇	ジャ ダ イ ヤ
蛉	レイ
蛋	タン
蛍	ケイ
蛎	レイ
蛑	ボウ ム モウ
蛒	カク キャク ラク
蛔	カイ ユウ
蛕	カイ
蛗	フウ ブ
蛙	ア ワ
蛚	レツ レチ
蛛	チュ シュ
蛜	イ
蛞	カツ
蛟	コウ キョウ
蛠	レイ ライ
蛣	キツ キチ ケツ ケチ ケイ
蛤	コウ
蛥	セツ ゼチ
蛦	
蛧	ボウ モウ
蛩	キョウ
蛬	キョウ
蛭	シツ チツ
蛮	バン
蛯	
蛸	ソウ ショウ
蛹	ヨウ
蛺	キョウ コウ リョウ
蛻	ゼイ セイ タイ
蛼	シャ
蛽	バイ
蛾	ギ ガ
蜀	ショク ゾク
蜂	ホウ
蜃	シン
蜄	シン
蜅	フ ホ
蜆	ケン
蜇	テツ テチ
蜈	ゴ
蜉	フ
蜊	リ
蜋	ロウ リョウ
蜍	ショ
蜎	エン ケン
蜏	ユウ ユ シュウ シュ
蜐	キョウ コウ
蜑	タン
蜒	エン タン
蜓	エン テン テイ ジョウ
蜔	テン
蜘	チ
蜙	ショウ シュ ソウ ス
蜚	ヒ
蜜	ミツ ビツ
蜞	キ
蜟	イク
蜡	ショ ワ ジャ セキ シャク
蜣	キョウ コウ キャク カク
蜥	シャク セキ
蜨	ショウ ソウ
蜩	チョウ
蜮	ヨク イキ コク ワク
蜯	ホウ ビョウ
蜱	ヒ ヒョウ
蜲	イ
蜴	エキ
蜷	ケン
蜹	ゼイ ネイ ゼツ ネチ
蜺	ゲイ ゲツ ゲチ
蜻	セイ
蜼	イ ユイ ルイ
蜽	リョウ
蜾	カ ラ
蜿	エン ワン
蝀	トウ ツ
蝃	テイ タイ セツ セチ
蝅	サン テン
蝉	セン ゼン
蝋	ロウ
蝌	カ
蝍	ソク ショク
蝎	カツ
蝑	
蝓	ユ
蝕	ショク
蝗	コウ
蝘	エン オン
蝙	ヘン
蝝	エン ケン
蝟	イ
蝠	フク
蝡	ゼン ダ ネン ジュ ニュ
蝣	ユウ
蝤	シュウ ジュ ヨウ ヨ
蝥	ボウ ム メウ ブ
蝦	カ ゲ
蝨	シツ
蝪	エキ
蝮	フク
蝯	エン オン
蝱	ボウ モウ ミョウ ブウ
蝲	ラツ ラチ
蝴	コ
蝶	チョウ
蝸	カ
蝻	ナン
蝼	
蝿	ヨウ
螂	ロウ
螃	ホウ ヒョウ
螄	シ
螅	シ シツ
螆	シ
螇	ケイ
螈	ゲン ガン
螉	オ オウ
螋	シュウ
螌	ハン
融	ユウ
螐	オ ウ
螓	シン
螕	ヘイ ヒ
螗	トウ
螘	ギ
螙	ト
螞	バ メ
螟	メイ ミョウ
螠	イ
螢	ケイ
螣	トウ チン ジン
螧	ケン
螫	セキ カク
螬	ソウ シュウ ジュ
螭	チ
螮	テイ タイ
螯	ゴウ
螱	イ
螳	トウ
螵	ヒョウ
螺	ラ
螻	ロウ ル
螽	シュウ
螾	イン
螿	ショウ ソウ
蟀	シュツ
蟁	ブン
蟄	チツ チュウ
蟆	バ マ
蟇	バ マ
蟈	カク ヨク イキ
蟉	リュウ ル キュウ
蟊	ボウ ム
蟋	シツ
蟎	
蟐	ジョウ
蟒	ボウ モウ
蟕	スイ シ
蟖	シ
蟙	ショク シキ
蟚	ホウ ビョウ
蟜	キョウ
蟟	リョウ
蟠	ハン
蟢	キ
蟣	キ ケ
蟤	セン
蟥	
蟦	
蟪	ケイ エ
蟫	イン タン ドン
蟬	セン ゼン
蟭	ショウ シュウ シュ
蟯	ギョウ ジョウ
蟱	ボウ ム ブ
蟲	チュウ キ
蟳	ジン
蟵	
蟶	テイ
蟷	トウ
蟸	レイ ライ リ ラ
蟹	カイ
蟺	セン タン
蟻	ギ
蟾	セン
蟿	ケイ キ
蠁	キョウ ドウ
蠃	ラ カ
蠅	ヨウ
蠆	タイ タツ タチ
蠉	ケン
蠊	レン
蠋	チョク ショク ドク ゾク
蠍	カツ
蠎	ボウ モウ
蠏	カイ
蠐	セイ ザイ シ
蠑	エイ
蠒	ケン
蠓	ボウ ム
蠔	コウ
蠕	ゼン ダ ネン ジュ ニュ
蠖	ワク カク
蠘	セツ ゼチ
蠙	ヘン ヒン
蠚	カク チャク セキ シャク
蠛	ベツ メチ
蠜	ハン ボン
蠞	セツ ゼチ
蠟	ロウ
蠡	レイ ライ リ ラ
蠢	シュン
蠣	レイ
蠧	ト
蠨	ショウ
蠭	ホウ
蠮	エツ エチ
蠰	ショウ ソウ ジョウ ニョウ
蠱	コ ヤ
蠲	ケン ケイ ケ
蠵	ケイ キ エ イ
蠶	サン テン
蠹	ト
蠺	サン テン
蠻	バン
蠼	キャク カク ケキ ク ワク
血	ケツ
衁	コウ
衂	ジク
衃	ハイ フウ フ
衄	ジク
衅	キン
衆	シュウ シュ
衈	ジ ニ
衉	カク キャク
衊	ベツ メチ バツ マチ
衋	キョク コク
行	コウ ギョウ アン
衍	エン
衎	カン
衑	レイ リョウ
衒	ゲン ケン
術	ジュツ
衕	トウ ズ
衖	コウ
街	ガイ カイ
衘	カン
衙	ガ ギョ ゴ
衚	コ
衛	エイ エ
衜	トウ
衝	ショウ
衞	エイ エ
衟	トウ
衠	シュン
衡	コウ
衢	ク
衣	イ エ
衤	
表	ヒョウ
衩	サイ シャ サ
衫	サン
衯	
衰	スイ
衱	キョウ コウ キュウ
衲	ドウ ノウ
衵	ジツ
衷	チュウ
衹	キ シ テイ タイ
衻	ネン デン セン
衽	ジン ニン
衾	キン
衿	キン コン
袀	ビン キン
袁	エン オン
袂	ベイ ケツ
袈	ケ カ
袋	タイ ダイ
袍	ホウ
袒	タン
袖	シュウ
袗	シン
袘	イ タ
袙	バツ ハ
袚	ハツ ハチ ヒ
袛	テイ タイ シ
袜	バツ マチ
袞	コン
袟	チツ ジチ
袠	チツ ジチ
袢	ハン
袤	ボウ
袨	ケン
袪	キョ コ
被	ヒ
袮	デイ ネ チ
袰	
袱	フク
袴	コ ク
袵	ジン ニン
袷	コウ キョウ
袺	ケツ ケチ カツ
袼	
袽	ジョ ニョ
袾	チュ シュ
袿	ケイ
裀	イン
裁	サイ
裂	レツ
裃	
裄	
装	ソウ ショウ
裊	チョウ ジョウ ニョウ
裋	シュ タン
裌	コウ キョウ
裍	コン
裎	テイ チョウ ジョウ
裏	リ
裑	シン
裒	ホウ
裓	コク カイ カツ ケチ
裔	エイ
裕	ユウ
裘	キュウ グ
裙	クン
裛	オウ ヨウ ユウ
補	ホ
裝	ソウ ショウ
裞	セイ タイ エイ
裟	サ シャ
裡	リ
裧	セン タン
裨	ヒ
裯	チュウ ジュ トウ
裰	タツ タチ
裱	ヒョウ
裲	リョウ
裳	ショウ
裴	ハイ ヒ ベ
裵	ハイ ヒ ベ
裷	エン オン ケン コン
裸	ラ
裹	ホウ カ
裼	セキ テイ
製	セイ
裾	キョ コ
褁	セキ シャク
褂	ケイ カイ ケ
褄	
褆	シ テイ ダイ
複	フク
褊	ヘン
褌	コン
褍	タン タ トン
褎	シュウ ジュ ユウ ユ
褏	シュウ ジュ ユウ ユ
褐	カツ
褒	ホウ
褓	ホ ホウ
褕	ユ ヨウ トウ ズ
褖	タン
褘	イ キク キ
褙	ハイ
褚	チョ シャ
褜	ホウ
褝	タン ゼン
褞	ウン オン
褠	コウ ク
褥	ジョク
褦	ダイ ナイ
褧	ケイ キョウ
褨	サ ジャ
褪	タイ トン
褫	チ
褰	ケン コン
褱	カイ エ
褲	コ
褵	リ
褶	ショウ シュウ チョウ
褷	
褸	ロ ル ロウ
褹	ゲイ ナイ ナチ ネ
褺	チョウ ジョウ
褻	セツ
褾	ヒョウ
襀	セキ シャク
襁	キョウ
襂	シン サン セン
襃	ホウ
襄	ジョウ ショウ
襅	
襆	ホク ボク
襉	カン ケン
襌	タン ゼン
襍	ザツ ゾウ
襏	ハツ ハチ フツ フチ
襒	ヘツ ベチ
襖	オウ
襗	タク ジャク エキ ヤク
襚	スイ
襛	ジョウ ニュ ジュウ
襜	セン タン
襞	ヘキ ヒャク
襟	キン
襠	トウ
襡	ショク ゾク タク シュ ジュ
襢	タン セン チン
襣	ヒ
襤	ラン
襦	ジュ
襪	ベツ バツ
襫	セキ シャク
襭	ケツ
襮	ハク ホク
襯	シン
襰	ライ
襲	シュウ
襳	セン シン サン
襴	ラン リン
襵	ショウ チョウ
襷	
襺	ケン
襻	ハン
襼	ゲイ
襽	ラン リン
襾	ア
西	セイ サイ ス
覀	
要	ヨウ
覃	タン エン
覆	フク
覇	ハ ハク
覈	カク ケツ
覉	キ ハ
覊	キ ハ
見	ケン
覍	ヘン
規	キ
覐	カク
覓	ベキ エキ ミャク
覔	ベキ エキ ミャク
覕	メチ ヒン ヘツ
視	シ
覗	シ
覘	テン
覚	カク
覛	ベキ ビキ ミャク バク
覜	チョウ
覟	シ
覠	キン コン
覡	ゲキ ケキ
覥	テン
覦	ユ
覧	ラン
覩	ト
親	シン
覬	キ
覯	コウ
覰	ソ ショ キョ シュ ス
覲	キン
観	カン
覴	トウ チョウ
覵	カン ケン ヘン エン
覶	ラ ラン レン
覷	ソ ショ キョ シュ ス
覺	カク
覼	ラ ラン レン
覽	ラン
覿	テキ
觀	カン
角	カク
觔	キン
觕	ソ ソウ ジョウ
觖	ケツ ケチ キ ケイ
觗	シ
觘	ソウ ショウ
觚	コ
觜	シ スイ
觝	テイ
解	カイ ゲ
觥	コウ
触	ショク
觧	カイ ゲ
觩	キュウ ク
觫	ソク
觭	キ
觱	ヒツ ヒチ ウツ ウチ
觳	コク カク
觴	ショウ
觶	シ
觸	ショク
觹	ケイ エ スイ キ
觽	ケイ エ スイ キ
觿	ケイ エ スイ キ
言	ゲン ゴン
訂	テイ
訃	フ
訄	キュウ ク コウ ドウ ノウ
訅	キュウ ク
訇	コウ ケン キン
計	ケイ
訊	ジン シュン シン
訌	コウ
討	トウ
訏	ク コ
訐	ケツ
訑	シ イ タ タン
訒	ジン ニン
訓	クン キン
訔	ギン ゴン
訕	サン セン
訖	キツ
託	タク
記	キ
訛	カ
訝	ガ ゲ
訞	ヨウ
訟	ショウ
訠	シン
訡	
訢	キン コン キ
訣	ケツ
訤	コン ダ コウ
訥	トツ
訦	シン
訪	ホウ
訫	シン
訬	ソウ ショウ ミョウ
設	セツ
訯	サ セ
許	キョ
訳	ヤク
訴	ソ
訵	チ
訶	カ
訷	シン
診	シン
註	チュウ
証	ショウ
訽	コウ ク
訾	シ セイ サイ ソ
詀	タン テン セン
詁	コ
詃	ケン
詅	レイ リョウ
詆	テイ タイ
詇	ヨウ オウウ エイ
詈	リ
詉	ドウ ヒョウ ダ ナ ド ヌ
詍	エイ セツ セチ
詎	キョ ゴ
詐	サ
詑	イ タ ダ
詒	イ タイ
詓	キョ コ
詔	ショウ
評	ヒョウ
詖	ヒ ハ
詗	キョウ チョウ ケイ
詘	クツ クチ チュツ チュチ トツ
詛	ソ ショ
詜	トウ
詝	チョ
詞	シ
詠	エイ
詡	ク
詢	ジュン シュン
詣	ケイ ゲイ
詥	コウ
試	シ
詧	サツ サチ セツ セチ
詩	シ
詫	タ
詬	コウ ク
詭	キ
詮	セン
詰	キツ キチ
話	ワ
該	ガイ
詳	ショウ
詵	シン セン
詶	シュウ ジュ
詷	トウ ズ
詹	セン タン
詺	ベイ ビイ ミョウ
詻	ガク ギャク リャク ラク
詼	カイ
詾	キョウ ク
詿	カイ ケ カ
誀	ジ ニ チ
誂	チョウ
誃	シ チ イ
誄	ルイ
誅	チュウ チュ
誆	キョウ ゴウ
誇	コ
誉	ヨ
誋	キ コウ
誌	シ
認	ニン
誏	ロウ
誐	ガ ヨイ
誑	キョウ
誒	キ カイ アイ イ
誓	セイ
誕	タン
誖	ホツ ボチ フツ フチ
誗	テン
誘	ユウ イウ
誙	コウ ギョウ ケイ
誚	ショウ
語	ゴ
誟	コウ
誠	セイ
誡	カイ
誣	フ
誤	ゴ
誥	コウ
誦	ショウ ジュ ズ
誧	ホ フ
誨	カイ
誩	ケイ キョウ ゴウ タン トン
説	セツ ゼイ
読	ドク トク トウ
誮	カ
誯	ショウ
誰	スイ
課	カ
誳	クツ コチ
誶	スイ サイ シュツ
誷	ボウ モウ
誹	ヒ ハイ
誻	トウ
誼	ギ
誾	ギン ゴン
調	チョウ
諂	テン
諃	チン
諄	シュン
諆	キ
談	ダン
諈	スイ ニ チ
諉	ズイ ニ イ
諊	キク コク
請	セイ シン ショウ
諌	カン
諍	ソウ ショウ
諏	シュ ス
諐	
諑	タク
諒	リョウ
諓	セン エン
諔	シュク セキ ジャク
諕	コウ カ テ
論	ロン
諗	シン ジョウ ニョウ
諚	ジョウ
諛	ユ
諜	チョウ
諝	ショ
諞	ヘン
諟	シ テイ タイ
諠	ケン
諡	エキ シ
諢	コン
諤	ガク
諦	テイ タイ
諧	カイ
諫	カン
諬	ケイ
諭	ユ
諮	シ
諰	シ サイ シャ アイ
諱	キ
諳	アン オン
諴	カン ゲン コン
諵	ナン ダン ネン
諶	シン
諷	フウ
諸	ショ
諺	ゲン
諼	ケン
諾	ダク
諿	シュウ ショ
謀	ボウ ム
謁	エツ
謂	イ
謄	トウ
謅	ソウ ショウ シュウ シュ
謆	セン
謇	ケン
謊	コウ
謋	カク ケキ キャク トク ケツ
謌	カ
謍	
謎	メイ ベイ
謐	ヒツ
謑	ケイ カ ケ
謔	ギャク キャク
謖	ショク シュク
謗	ボウ ホウ
謙	ケン
謚	エキ シ
講	コウ
謜	ゲン ガン セン
謝	シャ
謞	カク コウ キョウ
謟	トウ
謠	ヨウ
謡	ヨウ
謦	ケイ
謨	ボ モ
謫	タク チャク
謬	ビュウ ビョウ ミュウ
謭	セイ セン
謰	レン
謳	オウ ウ
謷	ギョウ ゴウ ギュウ ク
謹	キン
謼	コ ク コウ キョウ
謾	マン バン
譁	カ ケ
譂	セン
譃	ク
譄	ソウ
譅	シュウ ドウ ノウ
譆	キ イ
譈	タイ ズイ
證	ショウ
譌	カ
譍	ヨウ オウ
譎	ケツ キツ
譏	キ
譑	
譒	ハ
譓	ケイ エ
譔	セン
譖	シン セン
識	シキ
譙	ショウ スイ
譚	タン
譛	シン セン
譜	フ
譞	ケン
譟	ソウ
譣	セン ケン
警	ケイ
譩	
譫	トウ セン タン
譬	ヒ
譭	キ
譯	ヤク
議	ギ
譱	ゼン
譲	ジョウ
譴	ケン
譶	トウ チュウ ジュ
護	ゴ
譸	チュウ チュ ジュ
譹	コウ
譼	カン
譽	ヨ
譾	セイ セン
譿	
讀	ドク トク トウ
讁	タク チャク
讃	サン
讄	ル イ
讅	シン
變	ヘン
讋	ショウ トウ
讌	エン
讍	ガク
讎	シュウ
讏	エイ エ
讐	シュウ
讒	ザン サン
讓	ジョウ
讔	イン オン
讕	ラン
讖	シン
讙	カン ケン
讚	サン
讜	トウ
讝	
讞	ゲツ ゲチ ゲン
讟	トク トウ
谷	コク
谸	セン
谹	コウ オウ
谺	コ カ
谽	カン コン ケン
谾	コウ ク ロウ ル
谿	ケイ
豁	カツ
豅	ロウ ル
豆	トウ ズ
豇	コウ
豈	カイ ガイ キ
豉	シ
豊	ホウ ブ
豋	トウ
豌	エン ワン
豎	ジュ
豏	カン ゲン
豐	ホウ ブ
豑	チツ ジュチ
豓	エン
豔	エン
豕	シ
豗	カ
豘	トン
豙	ギ
豚	トン
豛	エキ ヤク
豝	ハ ヘ
象	ショウ ゾウ
豢	ケン カン
豣	ケン
豤	コン ケン
豦	キョ ゴ
豨	キ ケ
豩	ヒン カン ケン
豪	ゴウ
豫	ヨ シャ
豬	チョ
豭	カ ケ
豳	ヒン ハン ヘン
豵	ソウ ス ショウ シュ
豶	フン
豸	タイ チ
豹	ヒョウ ホウ
豺	サイ
豻	カン
豼	ヒ
豾	ヒ
貂	チョウ
貅	キュウ
貆	カン ケン
貇	コン ケン
貉	カク ハク
貊	ハク ミャク
貋	カン
貌	ボウ バク
貍	リ ライ
貎	ゲイ
貐	ユ イ
貒	タン
貓	ビョウ
貔	ヒ
貘	バク ミャク
貙	チュ チョ
貛	カン ケン
貜	キャク カク ケキ ク ワク
貝	バイ
貞	テイ
負	フ
財	ザイ サイ ゾク
貢	コウ ク
貤	イ シ
貧	ヒン ビン
貨	カ
販	ハン
貪	タン トン
貫	カン
責	セキ
貭	シツ シチ チ
貮	ニ ジ
貯	チョ
貰	セイ シャ
貲	シ
貳	ニ ジ
貴	キ
貶	ヘン
買	バイ
貸	タイ
貹	セイ ショウ
貺	キョウ コウ
費	ヒ
貼	テン チョウ
貽	イ
貿	ボウ
賀	ガ
賁	フン ヒ ホン
賂	ロ
賃	チン
賄	ワイ
賅	カイ
賆	ヘン ヘイ ヒョウ
資	シ
賈	コ カ
賉	シュツ シュチ ソツ ソチ
賊	ゾク
賋	コウ
賍	ソウ
賎	セン ゼン
賏	エイ ヨウ オウ
賑	シン
賓	ヒン
賕	キュウ ク
賖	シャ
賙	シュウ シュ
賚	ライ
賛	サン
賜	シ
賝	チン
賞	ショウ
賠	バイ
賡	ゾク ショク コウ キョウ
賢	ケン
賣	バイ
賤	セン ゼン
賦	フ ブ
賨	ソウ ズ
質	シツ シチ チ
賬	チョウ
賭	ト
賯	ケイ
賰	シュン チュン
賱	
賲	ホウ
賴	ライ
賵	フウ フ ボウ
賷	セイ サイ シ
賸	ヨウ ショウ
賺	タン レン
賻	フ
購	コウ
賽	サイ
賾	サク ジャク
賿	ロウ リョウ
贁	ハイ
贃	ワン
贄	シ
贅	セイ
贇	イン
贈	ゾウ ソウ
贉	タン ドン
贊	サン
贋	ガン
贍	セン
贎	
贏	エイ
贐	シン
贒	ケン
贓	ソウ
贔	ヒ
贖	ショク
贗	ケン ガン ゲン
贛	コウ ク カン コン
赤	セキ シャク
赥	ケキ キャク コキ
赦	シャ
赧	タン
赩	キョク コク カク キャク
赫	カク
赬	テイ チョウ
赭	シャ
赮	カ ゲ
走	ソウ
赱	ソウ
赳	キュウ
赴	フ
起	キ
赿	チ テイ
趁	チン
趂	チン
趄	ショ
超	チョウ
趈	タン ケン
越	エツ オツ
趍	チ ジ シュ ス
趐	ケツ ケチ
趑	シ
趕	カン
趙	チョウ ジョウ キョウ
趞	シャク サク セキ
趟	トウ チョウ ジョウ
趠	タク チョウ
趣	シュ
趦	シ
趨	スウ ソク
趫	キョウ チョウ
趬	キョウ
趯	カン ヤク
趲	サン ソ
足	ソク
趵	ハク ホウ ヒョウ サク シャク
趷	ゲ コツ
趹	ケツ ケチ ケイ ケ
趺	シ フ
趻	チン シン タン テン
趼	ケン
趾	シ
跀	ゲツ グワチ ゴツ ゴチ
跂	キ
跅	タク セキ シャク
跆	タイ
跇	エイ テイ セイ
跈	デン ネン セン
跊	バイ マイ メ
跋	ハツ バツ
跌	テツ
跎	タ
跏	カ
跑	ホウ ビョウ ハク
跔	ク
跕	チョウ
跖	セキ
跗	フ
跙	ショ シャ ソ
跚	サン
跛	ハ ヒ
距	キョ
跟	コン
跡	セキ
跣	セン
跤	コウ キョウ
跥	タ
跧	セン シュン ソン
跨	コ カ
跪	キ
跫	キョウ
跬	キ カイ ケ
路	ロ ル
跰	ホウ ヘイ ヘン
跱	チ ジ
跲	コウ キョウ キュウ
跳	チョウ
跴	サイ
践	セン
跼	キョク
跽	キ
跿	ト
踁	ケイ
踄	ハク ホ ブ
踅	テイ セツ ゼチ
踆	シュン ソン
踈	ソ ショ
踉	ロウ リョウ
踊	ヨウ
踋	キャク キャ カク
踌	
踏	トウ
踐	セン
踑	キ
踔	トウ チョウ
踖	セキ シャク サク
踝	カ
踞	キョ コ
踟	チ
踠	エン オン ワ
踡	ケン
踢	テキ チャク シャク
踣	ホク ホウ ハイ
踦	キ
踧	シュク テキ ジャク
踪	ソウ ショウ
踰	ユ ヨウ
踱	タク ジャク
踳	シュン セン
踴	ヨウ
踵	ショウ
踶	テイ ダイ チ ジ
踷	タ
踸	チン シン タン テン
踹	セン タン
踽	ク
蹀	チョウ ジョウ
蹁	ヘン
蹂	ジュウ
蹄	テイ
蹇	ケン
蹈	トウ
蹉	サ
蹊	ケイ
蹋	トウ
蹌	ソウ ショウ
蹍	テン ネン
蹎	テン
蹏	テイ
蹐	セキ
蹔	サン
蹕	ヒツ
蹙	シュク セキ
蹛	タイ テイ タ
蹜	シュク スク
蹝	シ
蹞	キ
蹟	セキ シャク
蹠	セキ
蹡	ショウ ヨウ ソウ
蹢	テキ ジャク タク
蹣	マン ハン
蹤	ショウ
蹩	ヘツ ベチ
蹬	トウ
蹭	ソウ ショウ
蹯	ハン ボン フン
蹰	チュウ チュ シュウ ジュ
蹱	ショウ シュ チョウ チュ
蹲	ソン シュン
蹴	シュク シュウ
蹶	ケツ ケイ
蹹	トウ
蹺	キョウ
蹻	キョウ キャク ガク
蹼	ボク ホク
躁	ソウ
躂	タツ タチ
躃	ヘキ
躄	ヘキ
躅	チョク タク
躇	チョ チャク
躉	トン
躊	チュウ チュ シュウ ジュ
躋	セイ サイ
躍	ヤク
躐	リョウ
躑	テキ
躒	レキ リャク ラク
躓	チ
躔	テン
躕	チュウ チュ シュウ ジュ
躘	
躙	リン
躚	セン
躛	エイ エ カイ ケ
躝	ラン タン
躞	ショウ
躡	ジョウ
躢	トウ
躧	シ リ サイ シャ
躩	キャク カク ケキ
躪	リン
身	シン
躬	キュウ キョウ
躭	タン
躮	サガレ
躯	ク
躰	タイ テイ
躱	タ
躳	キュウ キョウ
躵	
躶	
躺	トウ
躻	
躾	
軀	ク
軁	ロウ ル
軃	タ
軄	ショク ソク
軅	
軆	タイ テイ
軇	トウ
軈	
車	シャ
軋	アツ
軌	キ
軍	グン
軏	ゲツ ガチ ゴツ ゴチ
軑	テイ タイ
軒	ケン
軔	ジン ニン ジ ニ
軛	ヤク アク
軜	ドウ ノウ ダイ ナイ
軟	ナン
転	テン
軣	コウ
軨	レイ リョウ
軫	シン
軭	キョウ ゴウ
軮	オウ フク
軰	ハイ
軱	コ ク
軷	ハツ バチ ハイ
軸	ジク
軹	シ キ シン
軺	ヨウ ショウ チョウ
軻	カ
軼	イツ テツ
軽	ケイ
軾	ショク シキ
輀	ジ
輂	キョク コク
較	カク コウ
輅	ロ
輇	セン チュン ケン
輈	チュウ チュ シュウ シュ
載	サイ
輊	チ
輌	リョウ
輏	ユウ ユ
輐	カン
輒	チョウ
輓	バン
輔	ホ フ
輕	ケイ
輖	シュウ シュ
輗	ゲイ ギ
輘	リョウ ロウ
輙	チョウ
輛	リョウ
輜	シ
輝	キ
輞	ボウ モウ
輟	テツ
輠	カ ワ ガ ゲ
輡	カン コン
輣	ホウ ビョウ ボウ
輥	コン
輦	レン
輧	ビョウ ヘイ
輨	カン
輩	ハイ
輪	リン
輫	
輬	リョウ
輭	ゼン ネン ナン
輮	ジュウ ニュ
輯	シュウ
輳	ソウ
輴	チュン
輵	カツ カチ アツ エチ
輶	ユウ ユ
輷	コウ
輸	ユ シュ
輹	フク
輺	シ
輻	フク
輾	テン ネン
輿	ヨ
轀	オン ウン
轁	トウ
轂	コク
轃	シン セン
轄	カツ
轅	エン
轆	ロク
轇	コウ キョウ
轉	テン
轊	
轌	
轍	テツ
轎	キョウ
轏	サン ゼン
轑	ロウ リョウ
轒	フン
轓	ハン ホン ヘン
轔	リン
轕	カツ カチ ケチ
轗	カン コン
轘	カン ケン
轜	ジ
轝	ヨ
轞	カン ゲン
轟	ゴウ コウ
轡	ヒ
轢	レキ
轣	レキ
轤	ロ
轥	リン
辛	シン
辜	コ
辝	ジ
辞	ジ
辟	ヘキ ヒ
辠	サイ セ
辡	ヘン
辣	ラツ
辤	ジ
辥	セツ セチ
辦	ハン
辧	ベン ヘン
辨	ベン ヘン
辭	ジ
辮	ベン ヘン
辯	ベン ヘン
辰	シン ジン
辱	ジョク
農	ノウ
辴	
辵	チャク
辶	チャク
辷	
辸	ショウ ニョウ
辺	ヘン
辻	
込	
达	タツ タチ テイ タイ
辿	テン
迀	カン
迁	セン
迂	ウ
迄	キツ
迅	ジン
迆	イ タ
迊	ソウ
迋	オウ
迍	チュン トン
迎	ゲイ
运	ウン
近	キン コン
迒	コウ
迓	ガ ゲ ギョ ゴ
返	ヘン
迕	ゴ
迚	
迠	ショウ チョウ
迢	チョ チョウ
迣	セイ テイ レイ
迤	イ タ
迥	ケイ ギョウ
迦	カ ケ
迨	タイ
迩	ジ ニ
迪	テキ
迫	ハク
迭	テツ
迮	サク シャク
迯	トウ
述	ジュツ
迱	タ イ
迴	カイ エ
迵	トウ ズ
迶	ユウ ウ
迷	メイ
迸	ホウ ヒョウ
迹	セキ シャク
迺	ナイ ダイ アイ
迻	イ
追	ツイ
迾	レツ レチ レイ
退	タイ
送	ソウ
适	カツ ガチ
逃	トウ
逄	ホウ
逅	コウ
逆	ギャク ゲキ
逈	ケイ ギョウ
逋	ホ フ
逌	ユウ ユ
逍	ショウ
逎	シュウ
透	トウ
逐	チク
逑	キュウ
逓	テイ
途	ト
逕	ケイ
逖	テキ
逗	トウ ズ
逘	ギ ゲ シ
這	シャ ゲン
通	ツウ ツ
逛	キョウ コウ
逝	セイ
逞	テイ
速	ソク
造	ゾウ
逡	シュン
逢	ホウ
連	レン
逧	
逨	ライ
逩	ホン カム
逪	サク
逬	ホウ ヒョウ ヘイ
逭	カン
逮	タイ
逯	リョク ロク タイ ダイ
週	シュウ
進	シン
逳	イク
逴	タク チャク
逵	キ
逶	イ
逷	ケキ チャク テキ
逸	イツ
逹	タツ ダ
逼	フク ヒツ ヒョク ヒキ
逾	ユ
逿	トウ
遁	トン シュン
遂	スイ
遃	ゲン ガン
遄	セン
遅	チ
遇	グウ
遉	テイ
遊	ユウ ユ
運	ウン
遌	ガク
遍	ヘン
過	カ
遏	アツ
遐	カ
遑	カン コウ
遒	シュウ
道	ドウ トウ
達	タツ ダ
違	イ
遖	
遘	コウ
遙	ヨウ
遛	リュウ
遜	ソン
遝	トウ
遞	テイ
遠	エン オン
遡	ソ サク
遢	トウ
遣	ケン
遥	ヨウ
遦	カン
遧	ショウ
遨	ゴウ
適	テキ
遬	チョク ソク
遭	ソウ
遮	シャ
遯	トン
遰	テイ セイ タイ
遲	チ
遴	リン
遵	ジュン
遶	ニョウ ジョウ
遷	セン
選	セン
遹	イツ イチ シュツ ジュチ
遺	イ ユイ
遼	リョウ
遽	キョ
避	ヒ
邀	ヨウ
邁	マイ バイ
邂	カイ
邃	スイ
還	カン
邅	ケン テン
邇	ジ ニ
邈	バク マク
邉	ヘン
邊	ヘン
邋	リョウ ロウ
邌	レイ ライ チ ジ
邎	ホウ ユウ
邏	ラ
邐	リ
邑	ユウ
邕	ヨウ ユ
邗	カン
邘	ウ ク
邙	ボウ モウ
邛	キョウ グ
邠	ヒン
邡	ホウ
邢	ケイ ギョウ
那	ナ ダ
邥	シン
邦	ホウ
邨	ソン
邪	ジャ
邯	カン
邰	タイ
邱	キュウ
邲	ヒツ ビチ ヒ
邳	ヒ
邴	ヘイ ヒョウ
邵	ショウ
邶	ハイ
邸	テイ
邽	ケイ ケ
邾	チュ シュ
郁	イク
郃	コウ ギョウ
郄	ケキ キャク
郅	シツ シチ チツ チチ
郇	シュン カン
郈	コウ ク
郊	コウ
郌	ケイ ケ
郎	ロウ リョウ
郒	ロウ リョウ
郕	セイ ジョウ
郗	チ キ ケ
郘	リョ ロ
郙	フ
郛	フ
郜	コウ コク
郝	カク セキ シャク
郞	ロウ
郟	コウ キョウ
郡	グン
郢	エイ
郤	ゲキ キャク ケキ
郥	ハイ
部	ブ
郫	ヒ ハイ
郭	カク
郯	タン
郰	ショウ シュウ シュ サン
郲	
郴	チン
郵	ユウ
郶	ブ ベ
郷	キョウ ゴウ
都	ト ツ
郾	エン オン
郿	ビ ミ
鄀	ジャク ニャク チャク
鄂	ガク
鄄	ケン セン シン イン
鄅	ウ
鄆	ウン
鄈	キ
鄍	ベイ メイ ミョウ
鄐	チク キク
鄒	スウ シュ シュウ
鄔	オ ウ ヨ
鄕	キョウ ゴウ
鄖	ウン
鄗	コウ カク
鄘	ヨウ ユ
鄙	ヒ
鄚	バク マク
鄜	フ ロク
鄞	ギン ゴン
鄠	コ
鄢	エン オン
鄣	ショウ
鄥	キョウ
鄧	トウ
鄩	シン
鄭	テイ ジョウ
鄮	ボウ モ
鄯	セン
鄰	リン
鄱	ハ ヒ ハン
鄲	タン
鄴	ギョウ ゴウ
鄶	カイ ケ
鄷	ホウ
鄹	シュウ シュ
鄺	コウ
鄼	サン サ
鄽	テン
酃	レイ リョウ
酆	フウ ホウ
酇	サン サ
酈	リ レキ リャク
酉	ユウ
酊	テイ
酋	シュウ ジュ
酌	シャク
配	ハイ
酎	チュウ チュ
酏	イ
酒	シュ
酓	エン タン ドン カン コン
酔	スイ
酖	タン チン
酗	ク
酘	トウ
酙	シン
酚	フン
酛	サケ
酡	タ
酢	サク
酣	カン
酤	コ ク
酥	ソ
酧	シュウ シュ トウ
酩	メイ
酪	ラク
酬	シュウ シュ トウ
酭	ユウ ユ
酲	テイ
酳	シン イン
酴	ト ズ
酵	コウ
酷	コク
酸	サン
酹	ライ ルイ ラツ ラチ
酺	ホ ブ
酻	スイ
醁	リョク ロク
醂	ラン リン
醃	エン アン オン
醅	ハイ フウ フ
醆	サン セン
醇	ジュン シュン
醉	スイ
醊	テツ テチ チイ
醋	サク
醍	ダイ タイ テイ
醎	カン ダイ
醐	ゴ コ
醑	ショ
醒	セイ
醓	タン トン
醔	シュウ ジュ
醕	シュン
醗	ハツ
醘	コウ
醜	シュウ
醞	ウン
醡	サ シャ
醢	カイ
醤	ショウ
醦	サン シン セン
醨	リ
醪	ロウ
醫	イ
醬	ショウ
醭	ホク
醮	ショウ
醯	ケイ カイ
醰	タン ドン
醱	ハツ
醲	ジョウ ニュ ドウ ニョウ
醳	エキ ヤク セキ シャク
醴	レイ ライ
醵	キョ
醶	ゲン ラン サン カン
醸	ジョウ
醺	クン
醻	シュウ シュ トウ
醼	エン
醽	レイ リョウ
醿	ビ
釀	ジョウ
釁	キン
釂	ショウ
釃	シ ショ ソ
釄	
釅	ゲン
釆	ハン ベン サイ
采	サイ
釈	シャク セキ
釉	ユウ
釋	シャク セキ
里	リ
重	ジュウ チョウ
野	ヤ ショ
量	リョウ
釐	リ
金	キン コン ゴン
釓	ヒュウ グ キュウ ワン
釔	イツ
釖	トウ
釗	ショウ キョウ ソウ
釘	テイ チョウ
釙	ハク
釚	ヒュウ グ キュウ ワン
釛	コク
釜	フ
針	シン
釞	チュウ シュウ
釟	ハチ ハツ
釡	フ
釣	チョウ
釤	サン セン
釥	ショウ
釦	コウ ク
釧	セン
釩	ハン ホン
釪	ウ
釬	カン
釭	コウ ク
釮	セイ セン ザイ
釯	ボウ
釰	ジツ ニチ
釱	テイ ダイ タイ
釵	サイ サ
釶	シ
釷	ト
釹	ジョ
釻	ヒュウ グ キュウ ワン
釼	ケン
釽	ヘキ ヒャク ハク
釿	キン
鈀	ハ ヘ
鈁	ホウ
鈄	トウ ズ
鈅	ゲツ ガチ
鈆	エン
鈇	フ
鈉	ドウ ノウ
鈊	シン
鈌	エツ エチ ケイ ケ ケツ ケチ
鈍	ドン
鈎	コウ ク
鈐	ケン カン ゴン シン
鈑	バン ハン
鈒	ソウ シュウ キュウ コウ
鈓	ジン
鈔	ショウ
鈕	チュウ ジュウ
鈖	フン
鈗	
鈘	キ
鈜	コウ オウ
鈝	イン
鈞	キン
鈣	カイ
鈤	ジツ
鈥	カ コウ
鈦	タ
鈨	
鈩	ロ
鈬	タク
鈮	デイ ナイ
鈯	トツ ドチ
鈰	シ
鈳	ア カ
鈴	レイ リン
鈵	ヘイ ヒョウ
鈶	シ イ タイ
鈷	コ
鈸	ハツ バチ
鈹	カワ
鈺	ギョク ゴク
鈼	サク
鈾	チュウ ユウ
鈿	デン テン
鉀	コウ キョウ
鉂	シ
鉃	シ ソク
鉄	テツ
鉅	キョ
鉆	テン ケン チツ
鉇	シ
鉈	シャ
鉉	ケン
鉊	ショウ
鉋	ホウ ビョウ
鉍	ヒ ヒツ ヒチ
鉎	ソウ ショウ セイ
鉏	ショ ソ
鉐	セキ ジャク
鉑	ハク
鉖	
鉗	ケン カン
鉘	フツ ブチ
鉙	タイ
鉚	リュ
鉛	エン
鉜	フウ ブ ホウ
鉝	リュウ
鉞	エツ
鉠	エイ ヨウ
鉡	ハン
鉢	ハチ ハツ
鉤	コウ ク
鉥	ジュツ シュツ シュチ
鉦	セイ ショウ
鉧	ボウ
鉨	デイ ナイ
鉩	ジョウ ノウ
鉮	シン
鉯	イ
鉰	シ
鉱	コウ
鉵	トウ ズ
鉶	ケイ ギョウ
鉷	コウ グ
鉸	コウ キョウ
鉹	シ イ
鉻	ラク カク キャク
鉼	ヘイ
鉽	ショク シュク シキ
鉾	ボウ ム
鉿	コウ キョウ
銀	ギン
銃	ジュウ
銅	ドウ
銈	ケイ テイ
銉	イツ イチ
銊	シュツ シュチ
銍	チツ チチ シツ シチ
銎	キョウ ク
銑	セン
銒	ケイ ギョウ コウ ケン
銓	セン
銕	テツ
銖	シュ
銗	コウ グ
銘	メイ
銙	カ カイ ケ
銚	チョウ ヨウ
銛	セン テン
銜	カン
銟	サ シャ
銠	ロウ
銤	ベイ
銥	イ
銧	コウ
銨	アン
銫	ショク
銭	セン ゼン
銯	
銲	カン ガン
銶	キュウ グ
銷	ショウ ソウ
銸	チョウ ショウ ノウ
銹	シュ シュウ
銺	ソウ
銻	テイ ダイ
銼	サ ソク
銽	カツ カチ
銿	ショウ シュ ヨウ ユ
鋀	トウ ズ
鋁	リョ ロ
鋂	バイ マイ ボウ ミョウ
鋃	ロウ
鋅	シ シン
鋆	イン
鋇	ハイ
鋈	ヨク オク ワク
鋋	セン エン
鋌	テイ ジョウ
鋍	ホツ ボチ
鋎	カン ゲン
鋏	キョウ
鋐	コウ オウ
鋒	ホウ
鋓	テン
鋕	シ
鋗	ケン セン
鋘	カ ゲ コ
鋙	ギョ ゴ
鋜	サク
鋝	レツ レチ セツ セチ
鋟	セン チン シン
鋠	シン
鋡	カン ゴン
鋣	ヤ
鋤	ジョ ショ ソ
鋥	トウ ジョウ
鋧	ケン
鋨	テツ
鋩	ボウ
鋪	ホ フ
鋬	ハン
鋭	エイ
鋮	セイ
鋰	リ
鋲	
鋳	チュウ イ シュ シュウ
鋷	
鋸	キョ コ
鋹	チョ チョウ
鋺	エン
鋻	ケン
鋼	コウ
鋿	ショウ
錀	リン フン
錂	リョウ
錄	ロク リョ
錆	ショウ セイ
錈	ケン ガン
錍	ヒ ヘイ ハイ
錏	ア エ
錐	スイ
錑	ライ レ レイ
錔	トウ
錕	コン ゼン ネン
錘	スイ
錙	シ
錚	ソウ
錜	ジョウ ニョウ
錝	ソウ ス
錞	シュン トン タイ ズイ
錟	タン セン
錠	ジョウ
錡	キ
錢	セン
錣	テツ テイ
錤	キ
錥	イク
錦	キン
錧	カン
錨	ビョウ ミョウ
錩	ショウ
錪	テン
錫	セキ シャク
錬	レン
錮	コ
錯	サク シャク
録	ロク
錳	モウ
錴	ロク
錵	カ
錶	ヒョウ
錷	アツ
錺	
錻	ブ
鍄	リョウ キョウ
鍇	カイ
鍈	エイ ヨウ
鍉	テイ タイ
鍊	レン
鍋	カ
鍍	ト
鍐	ソウ ス
鍑	フウ フ フク
鍒	ジョウ ジュウ ニュ
鍔	ガク
鍕	クン
鍖	チン
鍗	テイ ダイ
鍘	サツ ゼチ
鍚	ヨウ
鍛	タン
鍜	カ
鍞	コウ キョウ テイ
鍠	コウ
鍤	ソウ ショウ チョウ
鍥	ケツ ケチ ケイ
鍧	コウ
鍩	テン
鍪	ボウ ム モ
鍫	
鍬	ショウ シュウ
鍭	コウ グ
鍮	チュウ トウ
鍯	ソウ ス ボウ ム
鍰	カン ゲン エン
鍱	ヨウ ショウ
鍳	カン
鍴	タン
鍵	ケン
鍶	ショウ シュ シ
鍺	タ
鍼	シン
鍽	ヘン
鍾	ショウ シュ
鍿	シ
鎀	シュウ シュ
鎁	ヤ
鎂	ビ
鎈	サ シャ
鎊	ホウ
鎋	カツ
鎌	レン ケン
鎍	サク シャク
鎏	リュウ ル
鎒	ドウ ジョク ヌ ジュク
鎔	ヨウ
鎕	トウ
鎖	サ
鎗	ソウ ショウ
鎘	レキ リャク カク
鎚	ツイ タイ
鎛	ハク
鎞	ヘイ ハイ ヒ
鎡	シ
鎣	エイ ヨウ ケイ ギョウ
鎤	コウ
鎦	リュウ ル
鎧	カイ ガイ
鎨	シュン
鎩	サイ サツ セチ
鎫	バン
鎬	コウ
鎭	チン
鎮	チン
鎰	イツ
鎴	ソク
鎵	カ
鎶	カ
鎹	
鎺	
鏁	サ
鏃	ソク ゾク
鏄	タン
鏅	シュウ シュ
鏆	カン
鏇	セン
鏈	レン
鏉	シュウ シュ ソウ ソク
鏊	ギョウ ゴウ
鏋	バン マン
鏌	バク マク
鏍	ラ
鏐	リュウ
鏑	テキ
鏓	ソウ ス ボウ ム
鏖	オウ
鏗	コウ
鏘	ソウ ショウ
鏙	サイ スイ
鏜	トウ
鏝	マン
鏞	ヨウ ユ
鏟	サン セン
鏡	キョウ ケイ
鏢	ヒョウ
鏤	ル ロウ
鏥	シュウ
鏦	ショウ シュ ソウ
鏧	ロウ
鏨	サン ザン
鏱	
鏵	
鏷	ホク
鏸	ケイ テイ エ セイ エイ
鏹	キョウ コウ
鏺	ハツ ハチ
鏻	リン レイ リョウ
鏽	シュウ
鐁	シ
鐂	リュウ ル
鐃	ドウ ニョウ
鐄	コウ オウ
鐇	ハン
鐈	キョウ
鐉	セン テン
鐍	ケツ テツ テチ イツ イチ
鐎	ショウ シュウ シュ
鐏	ソン サン
鐐	リョウ
鐓	タイ
鐔	タン シン
鐕	サン
鐖	キ ケ ゲ ガイ
鐗	カン ケン
鐘	ショウ
鐙	トウ
鐚	ワ ア
鐟	テイ
鐡	テツ
鐫	セン
鐮	レン ケン
鐯	シャク チャク
鐱	セン ケン
鐲	タク ショク ゾク
鐳	ライ
鐴	ヘキ ヒャク ヘイ
鐵	テツ
鐶	カン
鐸	タク
鐺	ト ソウ トウ
鐻	キョ コ
鐽	タツ
鐿	イ
鑁	バン
鑃	チョウ ヨウ
鑄	チュウ シュ シュウ
鑅	コウ
鑈	ゲイ ナイ シ ニ ジョウ ニョウ
鑊	カク ワク
鑌	ヒン
鑑	カン
鑒	カン
鑓	
鑕	シツ シチ
鑙	ケイ
鑚	サン
鑛	コウ
鑜	ショウ
鑞	ロウ
鑟	トク
鑠	シャク
鑡	サク
鑢	ロ リョ
鑣	ヒョウ
鑨	ロウ ル
鑪	ロ
鑫	キン コン クン キョク
鑭	ラン
鑮	ハク
鑯	セン チン シン
鑰	ヤク
鑱	サン ゼン
鑲	ジョウ ニョウ ソウ
鑵	カン
鑷	セツ ジョウ ニョウ
鑼	ラ
鑽	サン
鑾	ラン
鑿	サク
钁	カク キャク
钃	ショク ゾク チョク トク
钄	ラン
長	チョウ
镸	チョウ
镹	キュウ ク
镾	ビ ミ
門	モン
閂	サン セン
閃	セン
閄	コク ワク
閆	
閇	ヘイ
閈	カン
閉	ヘイ
閊	
開	カイ
閌	コウ
閍	ホウ ヒョウ ベン メン
閎	コウ オウ
閏	ジュン
閑	カン
間	カン ケン
閔	ビン ミン
閖	
閘	コウ
閙	ドウ トウ
閝	レイ リョウ
閞	ヘン ハン ボン
閟	ヒ
閠	ケイ ギョク ジュン
閡	カイ コク ガイ ゲ
関	カン
閣	カク
閤	コウ
閥	バツ
閦	シュク
閧	コウ
閨	ケイ ケ
閩	ベン ミン ブン モン ビン
閫	コン
閬	ロウ トウ リョウ
閭	リョ ロ
閲	エツ
閴	ケキ
閶	ショウ トウ
閹	エン アン
閺	ベン ミン ビン
閻	エン
閼	ア アツ エン ヨ
閽	コン
閾	シキ イキ キョク ヨク
閿	ブン
闃	ゲキ ケキ
闆	ハン ヘン
闇	アン オン
闈	イ キ
闉	イン エン
闊	カツ
闋	ケツ ケチ ケイ ケ
闌	ラン
闍	ト ジャ
闐	テン キ
闑	ゲツ ゲチ ケイ キ
闒	トウ ロウ
闓	カイ
闔	コウ
闕	ケツ
闖	チン
闘	トウ
闙	ケイ
闚	キ
關	カン
闝	ヒョウ
闞	カン ケン
闟	キュウ コウ シュウ トウ
闠	カイ キ
闡	セン
闢	ヘキ ビャク
闤	カン ゲン ワン エン
闥	タツ タチ
闦	ゴン
阜	フ フウ
阝	
阞	ロク
阡	セン
阢	ゴツ ゴチ ギ
阤	チ シ タ
阥	イン
阦	ヨウ
阨	ヤク アイ アク
阪	ハン
阬	コウ キョウ
阮	ゲン
阯	シ
阱	セイ ジョウ
防	ボウ
阳	ヨウ
阴	
阷	テイ チョウ
阸	ヤク アイ アク
阹	キョ
阺	キョ コ テイ
阻	ソ
阼	ソ サク
阽	エン テン
阿	ア オ
陀	タ ダ イ チ ジ
陁	タ イ チ ジ
陂	ヒ ハ
附	フ
陋	ロウ
陌	ハク
降	コウ ゴ
陏	ダ
限	ゲン
陒	キ
陔	カイ ケ
陖	シュン カイ
陗	ショウ
陘	ケイ キョウ
陛	ヘイ
陜	キョウ コウ
陝	セン
陞	ショウ
陟	チョク トク
陡	トウ ツ
院	イン
陣	ジン
除	ジョ ジ
陥	カン
陦	トウ チョウ
陪	バイ
陬	スウ シュウ
陮	タイ テ
陰	イン
陲	スイ
陳	チン
陴	ヒ ハイ
陵	リョウ
陶	トウ
陷	カン
陸	リク ロク
険	ケン
陻	シュ ショウ ジュ トウ ズ
陼	ショ ト ツ ズ
陽	ヨウ
陾	ジョウ ニョウ ジ ニ
陿	キョウ コウ
隁	エン
隂	イン
隃	シュ ユ ヨウ
隄	テイ タイ シ ジ
隅	グウ
隆	リュウ
隈	ワイ エ
隉	ゲツ ゲチ
隊	タイ
隋	ズイ スイ タ ダ
隍	コウ
階	カイ
随	ズイ
隑	カイ キ ゲ
隔	カク
隕	イン エン ウン
隖	オ ウ
隗	カイ
隘	アイ ヤク
隙	ゲキ キャク ケキ
隚	トウ
際	サイ
障	ショウ
隝	トウ チョウ
隟	キャク ケキ
隠	イン オン
隣	リン
隤	タイ ズイ タ
隥	トウ サカ
隦	ヘイ ヒ
隧	スイ ツイ
隨	ズイ
隩	オウ イク
險	ケン
隮	セイ サイ
隯	トウ チョウ
隰	シツ シュウ
隱	イン オン
隲	チョク シツ
隳	キ
隴	ロウ リョウ
隶	タイ
隷	レイ
隸	レイ
隹	サイ スイ
隺	コク カク
隻	セキ
隼	シュン ジュン
隽	
雀	ジャク ジャン サク シャク
雁	ガン
雄	ユウ
雅	ガ
集	シュウ
雇	コ
雉	ジ チ
雊	コウ ク
雋	シュン セン
雌	シ
雍	ヨウ ユ
雎	ショ
雑	ザツ ゾウ
雒	ラク
雕	チョウ
雖	スイ
雘	ワク コ
雙	ソウ
雚	カン
雛	スウ ス ジュ
雜	ザツ ゾウ
雝	ヨウ ユ
雞	ケイ
雟	ケイ エ キ スイ
離	リ
難	ナン
雨	ウ
雩	ウ ク キョ コ
雪	セツ
雫	ダ
雯	ブン モン
雰	フン
雱	ホウ
雲	ウン
零	レイ
雷	ライ
雹	ハク ヒョク ボク
雺	ム ボウ ブ
電	デン
需	ジュ
霂	ボク モク
霃	チン ジン
霄	ショウ
霅	ショウ ソウ ギョウ トウ
霆	テイ
震	シン
霈	ハイ
霉	バイ メ
霊	レイ リョウ
霍	カク
霎	ショウ ソウ
霏	ヒ
霑	テン
霓	ゲイ
霔	
霖	リン
霙	エイ ヨウ
霚	ム ボウ ブ
霛	レイ リョウ
霜	ソウ
霝	レイ リョウ
霞	カ ゲ
霡	バク ミャク ベキ
霢	バク ミャク ベキ
霣	イン コン ウン
霤	リュウ
霧	ム ボウ ブ
霨	イ
霪	イン
霰	セン サン
霱	イツ イチ
露	ロ ロウ
霳	リュウ リュ
霶	
霸	ハ ハク
霹	ヘキ ヒャク
霻	
霽	セイ サイ
霾	バイ
靁	ライ
靂	レキ
靃	カク スイ
靄	アイ
靆	タイ
靇	
靈	レイ リョウ
靉	アイ イ
靊	フウ フ
靍	
靎	カク
靏	カク
青	セイ ショウ
靕	シン
靖	セイ ジョウ
靗	テイ チョウ
靘	セイ
静	セイ ジョウ
靚	セイ ショウ
靛	テン
靜	セイ ジョウ
非	ヒ
靠	コウ
靡	ヒ ビ ミ
面	メン ベン
靣	メン ベン
靤	ホウ
靦	テン
靧	カイ ケ
靨	ヨウ
革	カク
靪	テイ チョウ ダイ
靫	ジン ニン サ サイ サツ
靭	ジン ニン サ サイ サツ
靮	テキ チャク
靱	ジン ニン サ サイ サツ
靳	キン コン
靴	カ
靶	ハ
靷	イン チン ジン
靸	ソウ シュウ
靹	ケツ
靺	マツ バツ
靻	ソ タツ
靼	タン タチ タツ
靽	ハン
靿	オウ ヨウ
鞀	トウ
鞁	ヒ
鞄	ハク ホウ ビョウ
鞅	オウ ヨウ
鞆	
鞉	トウ
鞋	アイ カイ
鞍	アン
鞏	キョウ
鞐	
鞕	ゴウ ギョウ
鞖	サイ
鞗	チョウ トウ
鞘	ショウ ソウ
鞙	ケン
鞚	コウ ク
鞜	トウ
鞞	ヘイ ヒョウ ヒ バイ
鞟	カク
鞠	キク キュウ
鞢	ショウ トウ
鞣	ジュウ ニュウ
鞦	シュウ
鞨	カツ ガチ セツ ゼチ
鞫	キク
鞬	ケン コン
鞭	ベン ヘン
鞮	テイ タイ
鞱	トウ
鞲	コウ ク
鞳	トウ
鞴	ヒ ビ フク
鞵	アイ カイ
鞶	ハン
鞸	ヒツ ヒチ ヘイ ヒョウ
鞹	カク
鞺	トウ
鞼	キ カイ ケ エ ワイ
鞾	カ
鞿	キ ケ
韁	キョウ コウ
韃	ダツ タツ
韄	アク ヤク カク ギャク
韅	ケン
韆	セン
韇	トク
韈	ベツ モチ バツ マチ
韉	セン
韊	ラン レン
韋	イ
韌	ジン ニン
韍	フツ フチ ヒ
韎	バイ マイ バツ
韐	コウ キョウ
韑	イ
韓	カン
韔	チョウ リョウ
韗	ウン クン ケン カン
韘	ショウ
韙	イ
韛	ハイ フク コウ
韜	トウ
韝	コウ ク
韞	オン ウン
韠	ヒツ ヒチ
韡	イ
韤	ベツ モチ バツ マチ
韭	キュウ ク
韮	キュウ ク
韯	セン
韱	セン
韲	セイ サイ
音	オン イン -ノン
韴	ソウ
韵	イン
韶	ショウ
韷	ラク リャク
韸	ホウ ボ フウ フ
韺	エイ ヨウ
韻	イン
響	キョウ
頁	ケツ
頂	チョウ
頃	ケイ キョウ
頄	
項	コウ
順	ジュン
頇	カン ガツ ガチ
須	ス シュ
頊	キョク コク ギョク
頌	ショウ ジュ ヨウ
頍	キ ケン
頎	キ ゲ キン コン
頏	コウ
預	ヨ
頑	ガン
頒	ハン
頓	トン トツ
頔	テキ ジャク
頖	ハン
頗	ハ
領	リョウ
頙	サク シャク シン
頚	ケイ
頜	カン ゴン コウ
頞	アツ アチ アン
頠	ガイ ギ
頡	ケツ キツ カツ ケチ
頣	シン
頤	イ
頥	イ
頦	カイ
頫	フ バン マン
頬	キョウ
頭	トウ ズ ト
頮	カイ ケ
頯	カイ キュウ グ
頰	キョウ
頲	テイ チョウ
頳	テイ チョウ
頴	エイ
頵	イン キン
頷	ガン カン
頸	ケイ
頻	ヒン
頼	ライ
頽	タイ
頾	シ
顄	カン ゴン
顆	カ
顇	スイ シュツ ジュウ
顊	イ
顋	サイ
題	ダイ
額	ガク
顎	ガク
顏	ガン
顑	カン コン ケン
顒	ギョウ グ
顓	セン
顔	ガン
顕	ケン
顖	シン シ
顗	ギ ゲ ガイ
願	ガン
顙	ソウ
顚	テン
顛	テン
類	ルイ
顢	バン マン
顣	シュク セキ シャク
顥	コウ
顦	ショウ
顧	コ
顪	カイ ケ
顫	セン
顬	ジュ ニュ
顯	ケン
顰	ヒン
顱	ロ
顳	ショウ
顴	ケン カン
風	フウ フ
颪	
颫	フ
颭	セン
颮	ヒョウ
颯	サツ ソウ
颰	ハツ ホチ バチ フツ ブチ ヘツ
颱	タイ
颴	セン
颶	グ ク
颷	ヒョウ
颸	シ
颺	ヨウ
颻	ヨウ
颼	
颿	ハン ボン ヘン
飂	リュウ ル リク ロク
飃	ヒョウ
飄	ヒョウ
飅	リュウ ル
飆	ヒョウ
飇	ヒョウ
飈	ヒョウ
飋	
飌	フウ フ
飛	ヒ
飜	ハン ホン
食	ショク ジキ
飠	
飡	サン ソン
飢	キ
飣	テイ チョウ
飥	タク
飦	ケン コン セン カン
飧	ソン
飩	ドン トン
飪	ジン ニン
飫	ヨウ オ ヨ
飭	チョク チキ
飮	イン オン
飯	ハン
飰	ハン
飱	
飲	イン オン
飳	シュ チュ トウ ツ
飴	イ シ
飶	ヒツ ビチ ヘツ ベチ
飼	シ
飽	ホウ
飾	ショク
餂	テン
餃	ギョウ キョウ コウ
餅	ヘイ ヒョウ
餇	ト ズ
餈	シ
餉	ショウ
養	ヨウ リョウ
餌	ジ ニ
餐	サン ソン
餑	ホツ ボチ コウ
餒	ダイ イ
餓	ガ
餔	ホ フ
餕	シュン セン
餖	トウ ズ
餗	ソク サク
餘	ヨ
餚	コウ ギョウ
餛	コン
餜	カ
餝	コウ シキ ショク
餞	セン
餟	テツ テチ テイ
餠	ヘイ ヒョウ
餡	アン カン
餢	ホウ ブ
餤	タン
餦	チョウ
餧	ダイ イ
館	カン
餫	ウン コン
餬	コ
餮	テツ
餱	コウ グ
餲	エイ アツ アチ アイ
餳	トウ セイ
餴	フン
餵	ダイ イ
餹	トウ
餺	ハク
餻	コウ
餼	キ ケ
餽	キ
餾	リュウ
饀	トウ
饁	ヨウ オウ コウ
饂	ウン
饅	マン
饆	ヒツ ヒチ
饇	ヨ オ ウ オウ
饈	シュウ シュ
饉	キン
饋	キ
饌	セン サン
饍	セン
饎	シ キ
饐	イ エイ エツ
饑	キ
饒	ジョウ ニョウ
饔	ヨウ ユ
饕	トウ
饗	キョウ
饘	セン
饙	フン
饛	ボウ ム
饜	エン
饞	サン ゼン
饟	ショウ
饠	ラ
首	シュ
馗	キ
馘	カク キョク
香	コウ キョウ
馛	ハツ バチ ヘツ ヘチ
馝	ヒツ ビチ ヘツ ベチ
馞	
馟	ト ズ
馣	
馥	クク ヒョク フク
馦	ケン
馨	ケイ キョウ
馬	バ
馭	ギョ
馮	ヒョウ フ フウ
馰	テキ チャク
馱	タ タイ
馲	タク チャク ラク ワク
馳	チ ジ
馴	ジュン シュン クン
馵	シュ ソク ゾク
馹	ジツ ニチ
馺	ソウ
馼	ブン モン
馽	チュウ ショウ
馿	ロ リョ
駁	ハク バク
駃	ケツ ケチ ガイ ケ
駄	ダ タ
駅	エキ
駆	ク
駈	ク
駉	ケイ キョウ
駐	チュウ
駑	ド
駒	ク
駓	ヒ
駔	ソウ ソ ショ
駕	カ ガ
駘	タイ
駙	フ
駚	ヨウ オウ
駛	シ
駜	ヒツ ビチ ヒ
駝	ダ タ
駞	タ
駟	シ
駢	ヘン
駧	トウ ズ
駪	シン
駫	ケイ キョウ
駬	ジ ニ
駭	ガイ カイ
駮	カク ハク
駰	イン
駱	ラク
駲	シュウ ジュン
駴	カイ アイ
駵	リュウ ル
駸	シン
駹	ボウ モウ
駻	カン
駼	
駽	ケン
駾	タイ
駿	シュン スン
騁	テイ
騂	セイ ショウ ケイ キョウ
騃	ガイ シ イ ギ タイ
騄	リョク ロク
騅	スイ
騊	
騋	ライ
騌	ソウ
騎	キ
騏	キ
騐	ケン
騑	ヒ
騒	ソウ
験	ケン ゲン
騖	ブ ム
騙	ヘン
騚	
騞	カク キャク バク ミャク
騠	テイ ダイ
騢	カ ゲ
騣	ソウ ス
騤	キ ケツ ケチ
騧	カ イ カイ ゲ
騨	タン ダン タ ダ テン
騫	ケン
騭	シツ シチ チョク
騮	リュウ ル
騰	トウ
騱	
騳	トク
騵	ゲン ガン ガ
騶	シュウ シュ ス チュ スウ
騷	ソウ
騸	セン
騾	ラ
驀	バク
驁	ゴウ ギョウ
驂	サン
驃	ヒョウ
驄	ソウ ス
驅	ク
驇	チ
驊	カ ゲ
驋	ハツ ハチ
驌	シュク スク
驍	ギョウ キョウ
驎	リン
驑	リュウ ル
驒	タン ダン ダ
驔	テン タン ドン
驕	キョウ
驖	テツ デチ
驗	ケン ゲン
驘	
驚	キョウ
驛	エキ
驝	タク チャク ラク ワク
驟	シュウ
驢	ロ リョ
驤	ジョウ ショウ
驥	キ
驩	カン
驪	リ レイ
驫	ショウ
骨	コツ
骪	イ
骬	ウ
骭	カン
骮	ヨク
骯	コウ
骰	トウ
骲	ハク ゴウ ギョウ ホウ ビョウ
骴	シ サイ ジャ
骵	タイ テイ
骶	テイ タイ
骷	
骸	ガイ カイ
骹	コウ キョウ ゴウ
骻	カ ケ
骼	カク
骾	コウ キョウ
骿	ヘン
髀	ヒ ヘイ
髁	カイ ケ カ
髃	グ ゴウ ガイ
髄	ズイ
髆	ハク
髈	ホウ
髎	リョウ ロオ リュウ
髏	ロ
髐	コウ キョウ
髑	ドク トク
髒	ソウ
髓	ズイ
體	タイ テイ
髕	ヒン
髖	カン コン
髗	ロ
高	コウ
髛	コウ
髜	キョウ
髞	ソウ
髟	ヒュウ ヒョウ
髠	コン
髢	テイ セキ
髣	ホウ
髤	キュウ ク シ
髥	ゼン ネン
髦	ボウ モウ
髧	タン ドン
髩	ヒン
髪	ハツ
髫	チョウ
髬	ヒ
髭	シ
髮	ハツ
髯	ゼン
髱	ホウ
髲	ヒ
髳	ボウ ム モウ
髴	フツ
髵	ジ ニ
髷	キョク
髹	キュウ ク シ
髺	ガチ カツ
髻	ケイ キツ
髽	サ セ
髿	サ シャ
鬀	テイ
鬁	リ
鬂	ヒン
鬃	ソウ ズ ゾウ
鬄	テイ タイ セキ テキ シャク チャク
鬅	ホウ
鬆	ショウ ソウ シュ
鬈	ケン
鬉	ソウ ス
鬋	セン
鬌	タ ツイ ズイ キ ダ
鬍	コ
鬎	ラツ
鬐	キ
鬒	シン
鬖	サン シン セン
鬘	バン マン
鬙	ソウ
鬚	シュ ス
鬛	リョウ
鬜	カン ケン サン ゼン
鬟	カン
鬠	カツ ガチ カイ ケ
鬢	ビン ヒン
鬣	リョウ
鬥	
鬦	トウ
鬧	トウ ドウ
鬨	コウ グ
鬩	ケキ カク ゲキ
鬪	トウ
鬫	カン ケン
鬭	トウ
鬮	キュウ
鬯	チョウ
鬱	ウツ
鬲	カク レキ
鬳	ケン ガン ゴン
鬴	フ レキ リャク
鬵	セン シン
鬷	ソウ ス
鬹	キ ケイ エ
鬺	ショウ
鬻	イク シュク
鬼	キ
鬽	ビ ミ
魁	カイ
魂	コン
魃	ハツ バツ
魄	ハク タク
魅	ミ
魈	ショウ
魋	タイ ズイ ツイ
魌	キ
魍	モウ ボウ
魎	リョウ
魏	ギ
魑	チ
魔	マ
魕	キ
魖	キョ コ
魗	シュウ
魘	エン ヨウ
魚	ギョ
魛	トウ
魞	
魡	テキ チャク チョウ
魣	ショ ヨ
魥	キョウ コウ
魦	サ シャ ショウ
魨	トン
魪	カイ
魫	シン
魬	ハン
魭	ゲン ガン
魮	ヒ
魯	ロ
魲	ロ
魳	シ ソウ
魴	ホウ
魵	フン
魶	
魷	ユウ
魸	ナマズ
魹	
魿	レイ リョウ リン
鮀	タ
鮃	ヒョウ ヘイ
鮄	フツ ブチ
鮅	ヒツ ビチ
鮆	セイ ザイ シ ジ
鮇	ビ ミ
鮉	チョウ
鮊	ハク ビャク ハ ベ
鮋	ユウ ユ シュウ ジュ
鮍	ヒ
鮎	デン ネン
鮏	セイ ショウ ソウ
鮐	タイ イ
鮑	ホ ホウ
鮒	ホ フ ブ
鮓	サ
鮔	キョ
鮖	
鮗	
鮚	キツ ギチ ケツ ケチ
鮝	ショウ ヨウ
鮞	ジ ニ ジク ニク
鮟	アン
鮠	カイ ゲ ガイ
鮦	トウ ズ
鮧	イ テイ ダイ シ
鮨	シ キ
鮩	ホウ ビョウ ヘイ ヒツ ビチ
鮪	キ ユウ イ
鮫	コウ
鮬	ホ ブ コ ク ヒ カ ケ
鮭	カイ ケイ
鮮	セン
鮰	カイ
鮱	ボラ
鮲	モテ
鮴	
鮷	イ テイ ダイ シ
鮸	ベン メン バン マン
鮹	ショウ ソウ
鮻	サ シャ ショウ
鮼	シン
鮾	ダイ ナイ
鮿	チョウ
鯀	コン
鯁	コウ キョウ
鯆	フ ホ
鯇	カン
鯈	ユウ ユ
鯉	リ
鯊	サ シャ
鯎	
鯏	
鯐	
鯑	
鯒	
鯔	シ
鯖	セイ ショウ
鯗	ショウ ヨウ
鯘	ダイ ナイ
鯛	チョウ
鯝	コ ク
鯟	トウ ツ
鯡	ヒ
鯢	ゲイ
鯣	エキ
鯤	コン
鯥	リク ロク
鯧	ショウ
鯨	ゲイ
鯪	リョウ
鯫	ソウ ス
鯮	
鯯	セイ
鯰	ネン
鯱	
鯲	
鯳	テイ
鯵	ソウ
鯷	イ テイ ダイ シ
鯸	コウ グ
鯹	セイ ショウ ソウ
鯺	ショ
鯽	セキ シャク ショク ソク
鯿	ヘン
鰀	カン
鰂	ソク
鰄	イ
鰆	シュン
鰈	チョウ トウ
鰉	コウ
鰊	レン
鰋	エン オン
鰌	シュ シュウ
鰍	シュウ シュ
鰏	ヒョク ヒキ
鰐	ガク
鰑	ヨウ
鰒	フク
鰓	サイ シ
鰔	カン
鰕	カ
鰖	タ
鰘	ムロア
鰙	ハヤ
鰚	
鰛	オン
鰜	ケン カン ゲン
鰝	
鰞	オ ウ
鰡	リュウ ル
鰢	バ メ
鰣	シ
鰤	シ ソウ
鰥	カン コン
鰦	シ
鰧	トウ チン ジン
鰨	チョウ トウ
鰩	ヨウ
鰪	コウ オウ
鰭	キ ギ
鰮	オン
鰯	
鰰	
鰱	レン
鰲	ゴウ
鰵	ビン ミン
鰶	セイ サイ
鰷	チョウ ジョウ ショウ
鰹	ケン
鰺	ソウ
鰻	マン バン
鰽	シュウ ジュ
鰾	ヒョウ
鱁	チク ジク
鱃	シュウ シュ
鱄	セン タン レン
鱅	ショウ ジュ ユ ヨウ
鱆	ショウ
鱇	コウ
鱈	セツ
鱉	ヘツ
鱊	イツ イチ シュツ ジュチ
鱎	キョウ
鱏	シン イン
鱐	シュク スク シュウ シュ
鱒	ソン セン ザン
鱓	セン タ
鱔	セン
鱖	ケイ ケ ケツ カチ
鱗	リン
鱘	シン
鱚	
鱛	
鱜	キョウ
鱝	フン
鱞	カン コン
鱟	コウ グ ヨク オク
鱠	カイ ケ
鱣	タン セン テン
鱥	
鱧	レイ
鱨	ショウ
鱩	
鱪	
鱫	アイ
鱭	
鱮	ショ ヨ
鱰	
鱲	リョウ
鱵	シン
鱶	ショウ ヨウ
鱷	ガク
鱸	ロ
鱺	
鱻	セン
鳥	チョウ
鳦	イツ イチ アツ エチ
鳧	フ
鳩	キュウ ク
鳫	ガン
鳬	フ
鳰	
鳲	シ
鳳	ホウ フウ
鳴	メイ
鳶	エン
鳷	シ キ
鳹	ケン キン カン コン
鴂	ケツ ケチ ケイ ケ
鴃	ケイ ケキ ケツ
鴆	チン
鴇	ホウ
鴈	ガン
鴉	ア
鴋	ホウ
鴎	オウ
鴑	ド ヌ
鴒	レイ
鴕	ダ タ
鴗	リュウ
鴘	ヘン ホン
鴛	エン オン
鴜	シ
鴝	ク
鴞	ヨウ キョウ
鴟	シ
鴣	コ
鴦	オウ
鴨	オウ
鴪	イツ
鴫	
鴬	オウ
鴯	ジ ニ
鴰	カツ カチ ケチ
鴲	シ
鴳	アン エン
鴴	コウ ギョウ
鴺	テイ ダイ イ
鴻	コウ ゴウ
鴼	ロ
鴽	ジョ ニョ
鴾	ボウ
鴿	コウ
鵁	コウ
鵂	キュウ ク
鵃	チュウ チュ
鵄	シ
鵅	ラク カク キャク
鵆	
鵇	
鵈	
鵊	コウ キョウ
鵐	ブ ム
鵑	ケン
鵒	
鵓	ホツ ボチ
鵔	シュン
鵙	ケキ ゲキ
鵜	テイ ダイ
鵝	ガ
鵞	ガ
鵟	キョウ ゴウ
鵠	コク コウ
鵡	ブ ム
鵢	シン
鵣	ライ
鵤	
鵥	
鵩	フク
鵪	アン オン
鵫	トウ チョウ タク
鵬	ホウ
鵯	ヒ ヒツ
鵰	チョウ
鵲	シャク ジャク
鵳	
鵶	ア
鵷	エン オン
鵺	コウ ヤ
鵻	スイ シュン
鵼	コウ ク
鵾	ウン コン
鶃	ゲキ
鶄	セイ ショウ
鶆	ライ
鶇	トウ ツ
鶉	ジュン シュン
鶊	コウ キョウ
鶍	
鶎	キクイ
鶏	ケイ
鶒	セキ シャク チョク シャ
鶓	ビョウ ミョウ
鶕	アン
鶖	シュウ シュ
鶗	テイ ダイ シ
鶘	コ ゴ
鶙	
鶚	ガク
鶡	カツ ガチ フン カイ カク
鶤	ウン コン
鶩	ボク ブ ム
鶪	ケキ キャク
鶫	トウ ツ
鶬	ソウ ショウ
鶮	コク カク
鶯	オウ
鶱	ケン コン
鶲	
鶴	カク
鶵	スウ ス ジュ
鶸	ジャク
鶹	リュウ ル
鶺	セキ
鶻	コツ カツ
鶼	ケン カン
鶽	
鶿	シ
鷀	
鷁	ゲキ
鷂	ヨウ
鷃	アン エン
鷄	ケイ
鷆	テン シン
鷇	コウ ク カク コク
鷉	テイ
鷊	ゲキ ギャク
鷏	テン シン
鷓	シャ
鷔	ゴウ ギュウ グ
鷕	ヨウ イ ユイ
鷖	エイ
鷗	オウ
鷙	ゴウ シ チツ
鷚	リュウ ル ボウ ム
鷞	ソウ ショウ
鷟	サク
鷠	ギョ ゴ
鷣	
鷥	シ
鷦	ショウ
鷧	イ エイ
鷩	ヘツ ヘチ ヘイ ヒ
鷫	シュク スク
鷭	ハン バ
鷮	キョウ
鷯	リョウ
鷰	エン
鷲	シュウ ジュ
鷳	カン ケン
鷴	カン ゲン
鷸	イツ
鷹	ヨウ オウ
鷺	ロ
鷽	カク アク
鷾	イ
鸂	ケイ
鸇	セン ケン
鸊	ヘキ ヒャク ハク ヒ
鸍	
鸎	ヨウ オウ
鸐	テキ ジャク タク
鸑	ガク
鸒	ヨ
鸕	ロ
鸖	カク
鸙	ヤク
鸚	イン オウ ヨウ
鸛	カン
鸜	ク
鸝	リ レイ ライ
鸞	ラン
鹵	ロ
鹸	ケン カン セン
鹹	カン ダイ
鹺	サ シ
鹻	カン ケン
鹼	ケン カン セン
鹽	エン
鹿	ロク
麀	ユウ ユ
麁	ソ
麂	キ
麃	ホウ ビョウ
麄	ソ
麅	ホウ ビョウ
麇	キン クン
麈	シュ ス
麋	ビ
麌	グ ゴ
麎	シン シ
麏	キン クン
麑	ゲイ ベイ
麒	キ
麓	ロク
麕	キン クン
麖	ケイ キョウ
麗	レイ
麘	キョウ コウ
麛	ベイ マイ
麝	ジャ シャ
麞	ショウ
麟	リン
麤	ソ
麥	バク
麦	バク
麨	ショウ
麩	フ
麪	メン ベン
麬	フ
麭	ホウ
麮	キョ コ
麯	キク
麰	ボウ ム
麳	ライ リョク リキ リ
麴	キク
麵	メン ベン
麸	フ
麹	キク
麺	メン ベン
麻	マ マア
麼	ビ ミ バ マ モ
麽	
麾	キ
麿	
黃	コウ オウ
黄	コウ オウ
黆	コウ
黈	トウ ツ
黋	コウ
黌	コウ オウ
黍	ショ
黎	レイ リ
黏	ネン
黐	チ リ
黑	コク
黒	コク
黔	ケン キン
黕	タン トン チン
默	ボク モク
黙	モク ボク
黛	タイ
黜	チュツ
黝	ユウ
點	テン
黟	エイ イ
黠	カツ
黤	エン アン オン
黥	ケイ ゲイ
黧	レイ ライ リ
黨	トウ
黬	カン ケン アン エン
黭	エン アン オン
黮	タン ドン チン ジン
黯	アン
黰	シン アン エン
黱	タイ ダイ チン ジン
黲	サン
黴	バイ ビ マイ ミ
黵	タン セン
黶	アン エン
黷	トク
黸	ロ ル
黹	チ
黻	フツ
黼	フ ホ
黽	ボウ ビン ベン ミン メン
黿	ゲン ガン
鼂	チョウ ジョウ
鼃	ワイ カイ
鼇	ゴウ
鼈	ベツ ヘツ
鼉	タ タン セン
鼎	テイ
鼏	ベキ ミャク ケイ
鼐	ダイ ナイ ドウ ノウ
鼑	テイ
鼒	シ
鼓	コ
鼔	コ ク
鼕	トウ
鼖	フン
鼗	トウ
鼙	ヘイ バイ
鼚	チョウ
鼛	コウ
鼟	トウ
鼠	ソ ショ
鼡	ソ ショ
鼢	フン
鼦	チョウ
鼪	セイ ショウ ソウ
鼫	セキ ジャク
鼬	ユウ ユ
鼯	ゴ
鼱	セイ ショウ
鼲	コン
鼴	エン オン
鼷	ケイ
鼹	エン オン
鼺	ルイ
鼻	ビ
鼼	キュウ ク キョウ
鼽	グ キュウ
鼾	カン
鼿	ゴツ ゴチ カイ
齁	コウ ク コ
齃	カツ カチ アツ アチ
齄	シャ サ
齅	キュウ
齆	オウ オ ヨウ
齇	サ シャ
齊	セイ サイ
齋	サイ
齎	セイ サイ シ
齏	セイ サイ
齒	シ
齓	シン ソン トン
齔	シン ソン トン
齕	コツ ゴチ ケツ
齖	ガ ゲ
齗	キン
齘	カイ
齚	サク ジャク サ ジャ
齝	チ シ
齞	ゲン
齟	ソ サ ショ
齠	チョウ
齡	レイ
齢	レイ
齣	シャク シュツ セキ
齦	ギン コン
齧	ゲツ ケツ
齨	キュウ グ
齩	コウ ゴウ
齪	サク ソク セク シュク シュウ
齬	ゴ
齭	ショ ソ
齮	キ
齯	ゲイ ジ ニ
齰	サク ジャク サ ジャ
齱	サク ソク セク シュク シュウ
齲	ク ウ
齳	グン
齵	ゴウ グ
齶	ガク
齷	アク
齺	シュウ シュ サク ザク
齽	キン コン
龍	リュウ リョウ ロウ
龏	キョウ ク アク
龐	ホウ ロウ ル
龑	エン ゲン
龒	リュウ リョウ ロウ
龔	キョウ ク ヨウ ユ
龕	カン ガン
龖	トウ ソウ
龗	レイ リョウ
龜	キ キュウ キン
龝	シュウ
龞	ベツ ヘツ
龠	ヤク
龡	スイ
龢	ワ オ カ
龣	カク ロク
龥	ヤク ユ
欄	
廊	
朗	
虜	
殺	
類	
隆	
﨏	
塚	チョウ
﨑	
﨓	
﨔	
凞	キ
猪	チョ
神	シン ジン
祥	ショウ
福	フク
﨟	
蘒	
﨡	
諸	ショ
﨤	
都	
侮	ブ
僧	ソウ
免	メン
勉	ベン
勤	キン ゴン
卑	ヒ
喝	カツ
嘆	タン
器	キ
塀	ヘイ
墨	ボク
層	ソウ
屮	ソウ テツ
悔	カイ
慨	ガイ
憎	ゾウ
懲	チョウ
敏	ビン
既	キ
暑	ショ
梅	バイ
海	カイ
渚	ショ
漢	カン
煮	シャ
爫	
琢	タク
碑	ヒ
社	シャ
祉	ツ
祈	キ
祐	ユウ
祖	ソ
祝	シュウ シュク
禍	カ
禎	テイ
穀	コク
突	トツ
節	セチ セツ
練	コウ
縉	シン
繁	ハン
署	ショ
者	シャ
臭	シュウ
艹	カン
艹	ソウ
著	チョ
褐	カツ
視	シ
謁	エツ
謹	キン
賓	ヒン
贈	ソウ ゾウ
辶	
逸	
難	ナン
響	キョウ
頻	ヒン
𠀋	ジョウ セイ
𠂉	
𠂢	
𠂤	
𠆢	
𠈓	リョウ
𠌫	
𠍱	
𠎁	
𠏹	
𠑊	
𠔉	
𠗖	
𠘨	
𠝏	
𠠇	
𠠺	
𠢹	
𠥼	
𠦝	
𠫓	
𠬝	
𠮟	
𠵅	
𠷡	
𠹤	
𠹭	
𠺕	
𠽟	
𡈁	
𡈽	
𡉕	
𡉴	
𡉻	
𡋗	
𡋤	
𡋽	
𡌛	
𡌶	
𡍄	
𡏄	
𡑭	
𡑮	
𡗗	
𡙇	
𡚴	
𡜆	
𡝂	
𡢽	
𡧃	
𡱖	
𡴭	
𡵅	
𡵢	
𡵸	
𡶒	
𡶜	
𡶡	
𡶷	
𡷠	
𡸳	
𡸴	
𡼞	
𡽶	
𡿺	
𢅻	
𢈘	ロク
𢌞	
𢎭	
𢛳	
𢡛	
𢢫	
𢦏	
𢪸	
𢭆	
𢭏	
𢭐	
𢮦	
𢰝	
𢰤	
𢷡	
𣆶	
𣇃	
𣇄	
𣇵	
𣍲	
𣏐	
𣏒	
𣏓	
𣏕	
𣏚	
𣏟	
𣏤	
𣑊	
𣑋	
𣑑	
𣑥	
𣓤	
𣕚	
𣖔	
𣗄	
𣘸	
𣘹	
𣘺	
𣙇	
𣜌	
𣜜	
𣜿	
𣝣	
𣝤	
𣟧	
𣟿	
𣠤	
𣠽	ハ ヘ
𣪘	
𣱿	
𣳾	
𣴀	
𣴎	
𣵀	
𣷓	
𣷹	
𣷺	
𣽾	
𤂖	
𤄃	
𤇆	
𤇾	
𤎼	
𤘩	
𤚥	
𤟱	
𤢖	
𤩍	
𤭖	
𤭯	
𤰖	
𤴔	
𤸎	
𤸷	
𤹪	
𤺋	
𥁊	
𥁕	
𥄢	
𥆩	
𥇍	
𥇥	
𥈞	
𥉌	
𥐮	
𥒎	
𥓙	
𥔎	
𥖧	
𥝱	
𥞩	
𥞴	
𥧄	
𥧔	
𥫣	
𥫤	
𥫱	
𥮲	
𥱋	
𥱤	
𥶡	
𥸮	
𥹖	
𥹢	
𥹥	
𥻂	
𥻘	
𥻨	
𥼣	
𥽜	
𥿔	
𥿠	
𥿻	
𦀌	
𦀗	
𦁠	
𦃭	
𦉰	
𦊆	
𦍌	
𦐂	
𦙾	
𦚰	
𦜝	
𦣝	
𦣪	
𦥑	
𦥯	
𦧝	
𦨞	
𦩘	
𦪌	
𦪷	
𦫿	
𦰩	
𦱳	
𦳝	
𦹀	
𦹥	
𦾔	
𦿶	
𦿷	
𦿸	
𧃴	
𧄍	
𧄹	
𧏚	
𧏛	
𧏾	
𧐐	
𧑉	
𧘔	
𧘕	
𧘱	
𧚄	
𧚓	
𧜎	
𧜣	
𧝒	
𧦅	
𧪄	
𧮳	
𧮾	
𧯇	
𧲸	
𧶠	
𧸐	
𧾷	
𨂊	
𨂻	
𨉷	
𨊂	
𨋳	
𨏍	
𨐌	
𨑕	
𨕫	
𨗈	
𨗉	
𨛗	
𨛺	
𨥆	
𨥉	
𨥫	
𨦇	
𨦈	
𨦺	
𨦻	
𨨞	
𨨩	
𨩃	
𨩱	
𨪙	
𨫍	
𨫝	
𨫤	
𨯁	
𨯯	
𨴐	
𨵱	
𨷻	
𨸟	
𨸶	
𨺉	
𨻫	
𨼲	
𨿸	
𩊠	
𩊱	
𩒐	
𩗏	
𩙿	
𩛰	
𩜙	
𩝐	
𩣆	
𩩲	
𩷛	
𩸕	
𩸽	
𩹉	
𩺊	
𩻄	
𩻛	
𩻩	
𩿎	
𪀚	
𪀯	
𪂂	
𪃹	
𪆐	
𪎌	
𪐷	
𪗱	
𪘂	
𪘚	
𪚲	
